Unnamed: 0,Trip Duration,Start Time,Stop Time,Start Station ID,Start Station Name,Start Station Latitude,Start Station Longitude,End Station ID,End Station Name,End Station Latitude,End Station Longitude,Bike ID,User Type,Birth Year,Gender,Trip_Duration_in_min
0,376,2015-10-01 00:16:26,2015-10-01 00:22:42,3212,Christ Hospital,40.734785818,-74.050443636,3207,Oakland Ave,40.7376037,-74.05247829999999,24470,Subscriber,1960.0,1,6
1,739,2015-10-01 00:27:12,2015-10-01 00:39:32,3207,Oakland Ave,40.7376037,-74.05247829999999,3212,Christ Hospital,40.734785818,-74.050443636,24481,Subscriber,1960.0,1,12
2,2714,2015-10-01 00:32:46,2015-10-01 01:18:01,3193,Lincoln Park,40.7246050998869,-74.07840594649316,3193,Lincoln Park,40.7246050998869,-74.07840594649316,24628,Subscriber,1983.0,1,45
3,275,2015-10-01 00:34:31,2015-10-01 00:39:06,3199,Newport Pkwy,40.7287448,-74.03210820000001,3187,Warren St,40.721123600000006,-74.03805095,24613,Subscriber,1975.0,1,5
4,561,2015-10-01 00:40:12,2015-10-01 00:49:33,3183,Exchange Place,40.7162469,-74.0334588,3192,Liberty Light Rail,40.7112423,-74.0557013,24668,Customer,1984.0,0,9
5,365,2015-10-01 00:41:46,2015-10-01 00:47:51,3198,Heights Elevator,40.74871594538023,-74.04044330120088,3215,Central Ave,40.7467299,-74.0492509,24644,Customer,1984.0,0,6
6,139,2015-10-01 00:43:44,2015-10-01 00:46:03,3206,Hilltop,40.7311689,-74.0575736,3195,Sip Ave,40.730742625306576,-74.06378388404845,24482,Subscriber,1988.0,1,2
7,1299,2015-10-01 01:10:10,2015-10-01 01:31:50,3197,North St,40.752559000000005,-74.044725,3215,Central Ave,40.7467299,-74.0492509,24550,Customer,1984.0,0,22
8,647,2015-10-01 02:01:36,2015-10-01 02:12:24,3213,Van Vorst Park,40.71848892,-74.047726625,3190,Garfield Ave Station,40.7104670233797,-74.07003879547119,24650,Subscriber,1988.0,1,11
9,233,2015-10-01 04:43:33,2015-10-01 04:47:27,3194,McGinley Square,40.7253399253558,-74.06762212514876,3195,Sip Ave,40.730742625306576,-74.06378388404845,24584,Subscriber,1978.0,2,4
10,352,2015-10-01 04:43:42,2015-10-01 04:49:34,3215,Central Ave,40.7467299,-74.0492509,3197,North St,40.752559000000005,-74.044725,24550,Customer,1984.0,0,6
11,1013,2015-10-01 05:31:13,2015-10-01 05:48:06,3193,Lincoln Park,40.7246050998869,-74.07840594649316,3193,Lincoln Park,40.7246050998869,-74.07840594649316,24471,Subscriber,1980.0,1,17
12,592,2015-10-01 05:41:17,2015-10-01 05:51:10,3196,Riverview Park,40.7443187,-74.04399090000001,3202,Newport PATH,40.7272235,-74.03375890000001,24406,Subscriber,1983.0,2,10
13,308,2015-10-01 05:44:29,2015-10-01 05:49:38,3209,Brunswick St,40.7241765,-74.05065640000001,3186,Grove St PATH,40.71958611647166,-74.0431174635887,24723,Subscriber,1980.0,1,5
14,667,2015-10-01 05:52:21,2015-10-01 06:03:29,3207,Oakland Ave,40.7376037,-74.05247829999999,3185,City Hall,40.7177325,-74.04384499999999,24516,Subscriber,1984.0,2,11
15,312,2015-10-01 06:25:54,2015-10-01 06:31:07,3214,Essex Light Rail,40.712774200000005,-74.03648570000001,3186,Grove St PATH,40.71958611647166,-74.0431174635887,19086,Subscriber,1984.0,1,5
16,588,2015-10-01 06:26:37,2015-10-01 06:36:25,3210,Pershing Field,40.742677141,-74.051788633,3195,Sip Ave,40.730742625306576,-74.06378388404845,24561,Subscriber,1972.0,1,10
17,615,2015-10-01 06:26:48,2015-10-01 06:37:04,3209,Brunswick St,40.7241765,-74.05065640000001,3183,Exchange Place,40.7162469,-74.0334588,24515,Subscriber,1970.0,1,10
18,1009,2015-10-01 06:28:03,2015-10-01 06:44:53,3196,Riverview Park,40.7443187,-74.04399090000001,3183,Exchange Place,40.7162469,-74.0334588,24639,Subscriber,1976.0,1,17
19,1113,2015-10-01 06:29:54,2015-10-01 06:48:28,3217,Bayside Park,40.698650544,-74.082079678,3183,Exchange Place,40.7162469,-74.0334588,24718,Subscriber,1977.0,1,19
20,492,2015-10-01 06:33:19,2015-10-01 06:41:32,3207,Oakland Ave,40.7376037,-74.05247829999999,3195,Sip Ave,40.730742625306576,-74.06378388404845,24422,Subscriber,1983.0,2,8
21,331,2015-10-01 06:49:26,2015-10-01 06:54:58,3207,Oakland Ave,40.7376037,-74.05247829999999,3195,Sip Ave,40.730742625306576,-74.06378388404845,24452,Subscriber,1977.0,1,6
22,18715,2015-10-01 06:58:40,2015-10-01 12:10:36,3185,City Hall,40.7177325,-74.04384499999999,3184,Paulus Hook,40.7141454,-74.0335519,24516,Subscriber,1980.0,1,312
23,213,2015-10-01 06:59:27,2015-10-01 07:03:01,3186,Grove St PATH,40.71958611647166,-74.0431174635887,3213,Van Vorst Park,40.71848892,-74.047726625,19086,Subscriber,1970.0,2,4
24,775,2015-10-01 07:00:23,2015-10-01 07:13:18,3210,Pershing Field,40.742677141,-74.051788633,3203,Hamilton Park,40.727595966,-74.044247311,24401,Subscriber,1964.0,2,13
25,304,2015-10-01 07:00:51,2015-10-01 07:05:55,3209,Brunswick St,40.7241765,-74.05065640000001,3186,Grove St PATH,40.71958611647166,-74.0431174635887,24496,Subscriber,1989.0,1,5
26,182,2015-10-01 07:03:32,2015-10-01 07:06:34,3214,Essex Light Rail,40.712774200000005,-74.03648570000001,3183,Exchange Place,40.7162469,-74.0334588,24391,Subscriber,1984.0,2,3
27,744,2015-10-01 07:04:20,2015-10-01 07:16:45,3199,Newport Pkwy,40.7287448,-74.03210820000001,3211,Newark Ave,40.72152515,-74.046304543,24567,Subscriber,1991.0,2,12
28,228,2015-10-01 07:05:53,2015-10-01 07:09:41,3214,Essex Light Rail,40.712774200000005,-74.03648570000001,3183,Exchange Place,40.7162469,-74.0334588,24594,Subscriber,1964.0,1,4
29,121,2015-10-01 07:08:50,2015-10-01 07:10:52,3214,Essex Light Rail,40.712774200000005,-74.03648570000001,3183,Exchange Place,40.7162469,-74.0334588,24558,Subscriber,1984.0,1,2
30,293,2015-10-01 07:10:09,2015-10-01 07:15:03,3187,Warren St,40.721123600000006,-74.03805095,3184,Paulus Hook,40.7141454,-74.0335519,24676,Subscriber,1986.0,1,5
31,191,2015-10-01 07:11:45,2015-10-01 07:14:57,3213,Van Vorst Park,40.71848892,-74.047726625,3186,Grove St PATH,40.71958611647166,-74.0431174635887,24483,Subscriber,1972.0,2,3
32,770,2015-10-01 07:13:06,2015-10-01 07:25:56,3197,North St,40.752559000000005,-74.044725,3202,Newport PATH,40.7272235,-74.03375890000001,24478,Subscriber,1981.0,1,13
33,268,2015-10-01 07:14:36,2015-10-01 07:19:05,3203,Hamilton Park,40.727595966,-74.044247311,3186,Grove St PATH,40.71958611647166,-74.0431174635887,24401,Subscriber,1979.0,1,4
34,792,2015-10-01 07:16:56,2015-10-01 07:30:09,3213,Van Vorst Park,40.71848892,-74.047726625,3199,Newport Pkwy,40.7287448,-74.03210820000001,24437,Subscriber,1989.0,2,13
35,487,2015-10-01 07:18:13,2015-10-01 07:26:20,3207,Oakland Ave,40.7376037,-74.05247829999999,3195,Sip Ave,40.730742625306576,-74.06378388404845,24615,Subscriber,1959.0,2,8
36,300,2015-10-01 07:22:09,2015-10-01 07:27:10,3213,Van Vorst Park,40.71848892,-74.047726625,3186,Grove St PATH,40.71958611647166,-74.0431174635887,24709,Subscriber,1970.0,2,5
37,306,2015-10-01 07:22:09,2015-10-01 07:27:16,3213,Van Vorst Park,40.71848892,-74.047726625,3186,Grove St PATH,40.71958611647166,-74.0431174635887,24396,Subscriber,1966.0,1,5
38,386,2015-10-01 07:22:24,2015-10-01 07:28:51,3203,Hamilton Park,40.727595966,-74.044247311,3202,Newport PATH,40.7272235,-74.03375890000001,24666,Subscriber,1970.0,1,6
39,287,2015-10-01 07:26:04,2015-10-01 07:30:51,3186,Grove St PATH,40.71958611647166,-74.0431174635887,3205,JC Medical Center,40.71653978099194,-74.0496379137039,24723,Subscriber,1981.0,2,5
40,309,2015-10-01 07:26:13,2015-10-01 07:31:23,3210,Pershing Field,40.742677141,-74.051788633,3220,5 Corners Library,40.73496102000952,-74.05950307846071,24645,Subscriber,1985.0,2,5
41,230,2015-10-01 07:26:53,2015-10-01 07:30:43,3187,Warren St,40.721123600000006,-74.03805095,3183,Exchange Place,40.7162469,-74.0334588,24582,Subscriber,1988.0,2,4
42,187,2015-10-01 07:26:58,2015-10-01 07:30:06,3213,Van Vorst Park,40.71848892,-74.047726625,3186,Grove St PATH,40.71958611647166,-74.0431174635887,24705,Subscriber,1975.0,2,3
43,304,2015-10-01 07:27:23,2015-10-01 07:32:28,3209,Brunswick St,40.7241765,-74.05065640000001,3186,Grove St PATH,40.71958611647166,-74.0431174635887,24429,Subscriber,1981.0,2,5
44,93,2015-10-01 07:28:25,2015-10-01 07:29:59,3214,Essex Light Rail,40.712774200000005,-74.03648570000001,3184,Paulus Hook,40.7141454,-74.0335519,24540,Subscriber,1982.0,1,2
45,387,2015-10-01 07:28:40,2015-10-01 07:35:07,3213,Van Vorst Park,40.71848892,-74.047726625,3184,Paulus Hook,40.7141454,-74.0335519,24450,Subscriber,1981.0,1,6
46,167,2015-10-01 07:30:05,2015-10-01 07:32:53,3214,Essex Light Rail,40.712774200000005,-74.03648570000001,3183,Exchange Place,40.7162469,-74.0334588,24699,Subscriber,1983.0,1,3
47,244,2015-10-01 07:31:16,2015-10-01 07:35:21,3203,Hamilton Park,40.727595966,-74.044247311,3186,Grove St PATH,40.71958611647166,-74.0431174635887,24469,Subscriber,1969.0,1,4
48,88,2015-10-01 07:33:05,2015-10-01 07:34:33,3211,Newark Ave,40.72152515,-74.046304543,3211,Newark Ave,40.72152515,-74.046304543,24567,Subscriber,1983.0,2,1
49,151,2015-10-01 07:33:13,2015-10-01 07:35:44,3214,Essex Light Rail,40.712774200000005,-74.03648570000001,3183,Exchange Place,40.7162469,-74.0334588,24547,Subscriber,1981.0,2,3
50,367,2015-10-01 07:35:14,2015-10-01 07:41:21,3211,Newark Ave,40.72152515,-74.046304543,3184,Paulus Hook,40.7141454,-74.0335519,24527,Subscriber,1985.0,1,6
51,503,2015-10-01 07:38:14,2015-10-01 07:46:37,3186,Grove St PATH,40.71958611647166,-74.0431174635887,3202,Newport PATH,40.7272235,-74.03375890000001,24668,Subscriber,1990.0,1,8
52,619,2015-10-01 07:39:11,2015-10-01 07:49:31,3186,Grove St PATH,40.71958611647166,-74.0431174635887,3192,Liberty Light Rail,40.7112423,-74.0557013,24429,Customer,1984.0,0,10
53,2640,2015-10-01 07:40:25,2015-10-01 08:24:26,3205,JC Medical Center,40.71653978099194,-74.0496379137039,3213,Van Vorst Park,40.71848892,-74.047726625,24495,Subscriber,1984.0,1,44
54,511,2015-10-01 07:41:36,2015-10-01 07:50:08,3199,Newport Pkwy,40.7287448,-74.03210820000001,3186,Grove St PATH,40.71958611647166,-74.0431174635887,24437,Subscriber,1964.0,1,9
55,409,2015-10-01 07:46:56,2015-10-01 07:53:46,3214,Essex Light Rail,40.712774200000005,-74.03648570000001,3202,Newport PATH,40.7272235,-74.03375890000001,24700,Subscriber,1961.0,1,7
56,651,2015-10-01 07:47:15,2015-10-01 07:58:07,3209,Brunswick St,40.7241765,-74.05065640000001,3211,Newark Ave,40.72152515,-74.046304543,24535,Subscriber,1980.0,2,11
57,411,2015-10-01 07:47:45,2015-10-01 07:54:36,3225,Baldwin at Montgomery,40.7236589,-74.0641943,3195,Sip Ave,40.730742625306576,-74.06378388404845,24610,Customer,1984.0,0,7
58,249,2015-10-01 07:48:00,2015-10-01 07:52:09,3203,Hamilton Park,40.727595966,-74.044247311,3186,Grove St PATH,40.71958611647166,-74.0431174635887,24597,Subscriber,1975.0,1,4
59,369,2015-10-01 07:48:53,2015-10-01 07:55:03,3203,Hamilton Park,40.727595966,-74.044247311,3186,Grove St PATH,40.71958611647166,-74.0431174635887,24443,Subscriber,1985.0,1,6
60,139,2015-10-01 07:49:57,2015-10-01 07:52:16,3184,Paulus Hook,40.7141454,-74.0335519,3183,Exchange Place,40.7162469,-74.0334588,24448,Subscriber,1974.0,2,2
61,538,2015-10-01 07:50:10,2015-10-01 07:59:08,3210,Pershing Field,40.742677141,-74.051788633,3195,Sip Ave,40.730742625306576,-74.06378388404845,24492,Subscriber,1961.0,1,9
62,121,2015-10-01 07:50:45,2015-10-01 07:52:46,3211,Newark Ave,40.72152515,-74.046304543,3186,Grove St PATH,40.71958611647166,-74.0431174635887,24567,Subscriber,1982.0,1,2
63,324,2015-10-01 07:50:51,2015-10-01 07:56:15,3194,McGinley Square,40.7253399253558,-74.06762212514876,3195,Sip Ave,40.730742625306576,-74.06378388404845,24498,Customer,1984.0,0,5
64,354,2015-10-01 07:51:37,2015-10-01 07:57:31,3209,Brunswick St,40.7241765,-74.05065640000001,3186,Grove St PATH,40.71958611647166,-74.0431174635887,24490,Subscriber,1982.0,1,6
65,231,2015-10-01 07:52:04,2015-10-01 07:55:56,3209,Brunswick St,40.7241765,-74.05065640000001,3186,Grove St PATH,40.71958611647166,-74.0431174635887,24633,Subscriber,1978.0,1,4
66,380,2015-10-01 07:53:54,2015-10-01 08:00:14,3209,Brunswick St,40.7241765,-74.05065640000001,3186,Grove St PATH,40.71958611647166,-74.0431174635887,24659,Subscriber,1982.0,1,6
67,400,2015-10-01 07:54:55,2015-10-01 08:01:35,3203,Hamilton Park,40.727595966,-74.044247311,3186,Grove St PATH,40.71958611647166,-74.0431174635887,24625,Subscriber,1982.0,2,7
68,281,2015-10-01 07:56:36,2015-10-01 08:01:17,3194,McGinley Square,40.7253399253558,-74.06762212514876,3195,Sip Ave,40.730742625306576,-74.06378388404845,24510,Subscriber,1977.0,1,5
69,444,2015-10-01 07:56:53,2015-10-01 08:04:17,3207,Oakland Ave,40.7376037,-74.05247829999999,3195,Sip Ave,40.730742625306576,-74.06378388404845,24679,Customer,1984.0,0,7
70,277,2015-10-01 07:57:32,2015-10-01 08:02:10,3202,Newport PATH,40.7272235,-74.03375890000001,3203,Hamilton Park,40.727595966,-74.044247311,24700,Subscriber,1980.0,1,5
71,141,2015-10-01 07:59:09,2015-10-01 08:01:30,3213,Van Vorst Park,40.71848892,-74.047726625,3186,Grove St PATH,40.71958611647166,-74.0431174635887,19086,Subscriber,1965.0,1,2
72,313,2015-10-01 08:00:24,2015-10-01 08:05:38,3187,Warren St,40.721123600000006,-74.03805095,3184,Paulus Hook,40.7141454,-74.0335519,24683,Subscriber,1982.0,1,5
73,228,2015-10-01 08:00:27,2015-10-01 08:04:15,3187,Warren St,40.721123600000006,-74.03805095,3183,Exchange Place,40.7162469,-74.0334588,24669,Subscriber,1974.0,1,4
74,319,2015-10-01 08:01:12,2015-10-01 08:06:31,3194,McGinley Square,40.7253399253558,-74.06762212514876,3195,Sip Ave,40.730742625306576,-74.06378388404845,24379,Subscriber,1970.0,1,5
75,379,2015-10-01 08:02:18,2015-10-01 08:08:38,3203,Hamilton Park,40.727595966,-74.044247311,3186,Grove St PATH,40.71958611647166,-74.0431174635887,24556,Subscriber,1977.0,2,6
76,375,2015-10-01 08:02:24,2015-10-01 08:08:39,3203,Hamilton Park,40.727595966,-74.044247311,3186,Grove St PATH,40.71958611647166,-74.0431174635887,24562,Subscriber,1980.0,1,6
77,248,2015-10-01 08:02:46,2015-10-01 08:06:55,3203,Hamilton Park,40.727595966,-74.044247311,3186,Grove St PATH,40.71958611647166,-74.0431174635887,24532,Subscriber,1970.0,1,4
78,94,2015-10-01 08:04:35,2015-10-01 08:06:10,3183,Exchange Place,40.7162469,-74.0334588,3184,Paulus Hook,40.7141454,-74.0335519,24590,Subscriber,1963.0,2,2
79,380,2015-10-01 08:04:34,2015-10-01 08:10:55,3203,Hamilton Park,40.727595966,-74.044247311,3187,Warren St,40.721123600000006,-74.03805095,24497,Subscriber,1974.0,1,6
80,464,2015-10-01 08:06:38,2015-10-01 08:14:22,3203,Hamilton Park,40.727595966,-74.044247311,3184,Paulus Hook,40.7141454,-74.0335519,24704,Subscriber,1963.0,1,8
81,571,2015-10-01 08:06:39,2015-10-01 08:16:11,3207,Oakland Ave,40.7376037,-74.05247829999999,3211,Newark Ave,40.72152515,-74.046304543,24579,Subscriber,1978.0,2,10
82,373,2015-10-01 08:07:26,2015-10-01 08:13:40,3203,Hamilton Park,40.727595966,-74.044247311,3186,Grove St PATH,40.71958611647166,-74.0431174635887,24681,Subscriber,1978.0,1,6
83,504,2015-10-01 08:07:46,2015-10-01 08:16:10,3193,Lincoln Park,40.7246050998869,-74.07840594649316,3195,Sip Ave,40.730742625306576,-74.06378388404845,24399,Subscriber,1990.0,1,8
84,369,2015-10-01 08:08:15,2015-10-01 08:14:25,3203,Hamilton Park,40.727595966,-74.044247311,3186,Grove St PATH,40.71958611647166,-74.0431174635887,24444,Subscriber,1971.0,2,6
85,1596,2015-10-01 08:08:55,2015-10-01 08:35:31,3216,Columbia Park,40.6970299,-74.09693659999999,3195,Sip Ave,40.730742625306576,-74.06378388404845,24587,Subscriber,1963.0,1,27
86,212,2015-10-01 08:08:59,2015-10-01 08:12:31,3213,Van Vorst Park,40.71848892,-74.047726625,3186,Grove St PATH,40.71958611647166,-74.0431174635887,24557,Subscriber,1970.0,2,4
87,297,2015-10-01 08:09:21,2015-10-01 08:14:19,3209,Brunswick St,40.7241765,-74.05065640000001,3186,Grove St PATH,40.71958611647166,-74.0431174635887,24506,Subscriber,1989.0,1,5
88,731,2015-10-01 08:10:44,2015-10-01 08:22:55,3199,Newport Pkwy,40.7287448,-74.03210820000001,3203,Hamilton Park,40.727595966,-74.044247311,24572,Subscriber,1977.0,2,12
89,405,2015-10-01 08:12:33,2015-10-01 08:19:18,3207,Oakland Ave,40.7376037,-74.05247829999999,3195,Sip Ave,40.730742625306576,-74.06378388404845,24620,Subscriber,1984.0,1,7
90,273,2015-10-01 08:12:52,2015-10-01 08:17:26,3187,Warren St,40.721123600000006,-74.03805095,3183,Exchange Place,40.7162469,-74.0334588,24414,Subscriber,1976.0,1,5
91,762,2015-10-01 08:13:33,2015-10-01 08:26:16,3193,Lincoln Park,40.7246050998869,-74.07840594649316,3195,Sip Ave,40.730742625306576,-74.06378388404845,24628,Subscriber,1994.0,1,13
92,280,2015-10-01 08:14:00,2015-10-01 08:18:40,3203,Hamilton Park,40.727595966,-74.044247311,3186,Grove St PATH,40.71958611647166,-74.0431174635887,24402,Subscriber,1981.0,2,5
93,588,2015-10-01 08:14:26,2015-10-01 08:24:15,3225,Baldwin at Montgomery,40.7236589,-74.0641943,3186,Grove St PATH,40.71958611647166,-74.0431174635887,24434,Subscriber,1984.0,2,10
94,108,2015-10-01 08:15:53,2015-10-01 08:17:42,3199,Newport Pkwy,40.7287448,-74.03210820000001,3202,Newport PATH,40.7272235,-74.03375890000001,24571,Subscriber,1980.0,1,2
95,718,2015-10-01 08:17:08,2015-10-01 08:29:06,3183,Exchange Place,40.7162469,-74.0334588,3209,Brunswick St,40.7241765,-74.05065640000001,24639,Subscriber,1970.0,1,12
96,651,2015-10-01 08:17:09,2015-10-01 08:28:00,3212,Christ Hospital,40.734785818,-74.050443636,3195,Sip Ave,40.730742625306576,-74.06378388404845,24481,Subscriber,1979.0,1,11
97,470,2015-10-01 08:17:19,2015-10-01 08:25:09,3202,Newport PATH,40.7272235,-74.03375890000001,3184,Paulus Hook,40.7141454,-74.0335519,24606,Subscriber,1975.0,1,8
98,242,2015-10-01 08:17:36,2015-10-01 08:21:39,3209,Brunswick St,40.7241765,-74.05065640000001,3186,Grove St PATH,40.71958611647166,-74.0431174635887,24419,Subscriber,1980.0,1,4
99,495,2015-10-01 08:17:36,2015-10-01 08:25:51,3199,Newport Pkwy,40.7287448,-74.03210820000001,3184,Paulus Hook,40.7141454,-74.0335519,24662,Subscriber,1976.0,1,8
100,786,2015-10-01 08:17:39,2015-10-01 08:30:46,3225,Baldwin at Montgomery,40.7236589,-74.0641943,3186,Grove St PATH,40.71958611647166,-74.0431174635887,24647,Subscriber,1989.0,1,13
101,636,2015-10-01 08:18:39,2015-10-01 08:29:15,3193,Lincoln Park,40.7246050998869,-74.07840594649316,3195,Sip Ave,40.730742625306576,-74.06378388404845,24602,Customer,1984.0,0,11
102,684,2015-10-01 08:18:55,2015-10-01 08:30:20,3199,Newport Pkwy,40.7287448,-74.03210820000001,3183,Exchange Place,40.7162469,-74.0334588,24508,Subscriber,1980.0,1,11
103,753,2015-10-01 08:19:11,2015-10-01 08:31:44,3199,Newport Pkwy,40.7287448,-74.03210820000001,3184,Paulus Hook,40.7141454,-74.0335519,24593,Subscriber,1977.0,2,13
104,346,2015-10-01 08:19:22,2015-10-01 08:25:08,3201,Dey St,40.737711,-74.066921,3195,Sip Ave,40.730742625306576,-74.06378388404845,24715,Subscriber,1962.0,1,6
105,223,2015-10-01 08:19:24,2015-10-01 08:23:07,3194,McGinley Square,40.7253399253558,-74.06762212514876,3195,Sip Ave,40.730742625306576,-74.06378388404845,24420,Subscriber,1981.0,1,4
106,783,2015-10-01 08:20:45,2015-10-01 08:33:49,3210,Pershing Field,40.742677141,-74.051788633,3202,Newport PATH,40.7272235,-74.03375890000001,24531,Subscriber,1983.0,1,13
107,256,2015-10-01 08:22:02,2015-10-01 08:26:18,3194,McGinley Square,40.7253399253558,-74.06762212514876,3195,Sip Ave,40.730742625306576,-74.06378388404845,24430,Customer,1984.0,0,4
108,569,2015-10-01 08:22:48,2015-10-01 08:32:17,3209,Brunswick St,40.7241765,-74.05065640000001,3199,Newport Pkwy,40.7287448,-74.03210820000001,24581,Subscriber,1989.0,1,9
109,896,2015-10-01 08:23:23,2015-10-01 08:38:19,3210,Pershing Field,40.742677141,-74.051788633,3183,Exchange Place,40.7162469,-74.0334588,24629,Subscriber,1976.0,1,15
110,207,2015-10-01 08:23:57,2015-10-01 08:27:25,3213,Van Vorst Park,40.71848892,-74.047726625,3186,Grove St PATH,40.71958611647166,-74.0431174635887,24702,Subscriber,1985.0,1,3
111,666,2015-10-01 08:24:28,2015-10-01 08:35:35,3203,Hamilton Park,40.727595966,-74.044247311,3184,Paulus Hook,40.7141454,-74.0335519,24572,Subscriber,1982.0,1,11
112,871,2015-10-01 08:25:05,2015-10-01 08:39:37,3220,5 Corners Library,40.73496102000952,-74.05950307846071,3185,City Hall,40.7177325,-74.04384499999999,24409,Subscriber,1978.0,2,15
113,229,2015-10-01 08:26:15,2015-10-01 08:30:05,3213,Van Vorst Park,40.71848892,-74.047726625,3186,Grove St PATH,40.71958611647166,-74.0431174635887,24670,Subscriber,1981.0,2,4
114,306,2015-10-01 08:27:17,2015-10-01 08:32:24,3209,Brunswick St,40.7241765,-74.05065640000001,3186,Grove St PATH,40.71958611647166,-74.0431174635887,24640,Subscriber,1984.0,1,5
115,649,2015-10-01 08:27:52,2015-10-01 08:38:41,3196,Riverview Park,40.7443187,-74.04399090000001,3211,Newark Ave,40.72152515,-74.046304543,24665,Subscriber,1975.0,1,11
116,603,2015-10-01 08:29:22,2015-10-01 08:39:25,3199,Newport Pkwy,40.7287448,-74.03210820000001,3183,Exchange Place,40.7162469,-74.0334588,24548,Subscriber,1985.0,1,10
117,464,2015-10-01 08:29:39,2015-10-01 08:37:24,3213,Van Vorst Park,40.71848892,-74.047726625,3184,Paulus Hook,40.7141454,-74.0335519,24391,Customer,1984.0,0,8
118,3813,2015-10-01 08:29:49,2015-10-01 09:33:22,3203,Hamilton Park,40.727595966,-74.044247311,3203,Hamilton Park,40.727595966,-74.044247311,24455,Subscriber,1985.0,2,64
119,391,2015-10-01 08:30:13,2015-10-01 08:36:45,3203,Hamilton Park,40.727595966,-74.044247311,3186,Grove St PATH,40.71958611647166,-74.0431174635887,24700,Subscriber,1968.0,1,7
120,1077,2015-10-01 08:30:23,2015-10-01 08:48:20,3207,Oakland Ave,40.7376037,-74.05247829999999,3183,Exchange Place,40.7162469,-74.0334588,24489,Subscriber,1981.0,1,18
121,367,2015-10-01 08:30:38,2015-10-01 08:36:45,3209,Brunswick St,40.7241765,-74.05065640000001,3186,Grove St PATH,40.71958611647166,-74.0431174635887,24415,Subscriber,1957.0,2,6
122,369,2015-10-01 08:30:37,2015-10-01 08:36:46,3203,Hamilton Park,40.727595966,-74.044247311,3186,Grove St PATH,40.71958611647166,-74.0431174635887,24618,Subscriber,1977.0,2,6
123,472,2015-10-01 08:31:27,2015-10-01 08:39:19,3207,Oakland Ave,40.7376037,-74.05247829999999,3195,Sip Ave,40.730742625306576,-74.06378388404845,24470,Subscriber,1990.0,2,8
124,422,2015-10-01 08:31:58,2015-10-01 08:39:00,3203,Hamilton Park,40.727595966,-74.044247311,3202,Newport PATH,40.7272235,-74.03375890000001,24574,Subscriber,1981.0,1,7
125,1049,2015-10-01 08:33:00,2015-10-01 08:50:29,3207,Oakland Ave,40.7376037,-74.05247829999999,3183,Exchange Place,40.7162469,-74.0334588,24651,Subscriber,1989.0,1,17
126,343,2015-10-01 08:33:12,2015-10-01 08:38:55,3203,Hamilton Park,40.727595966,-74.044247311,3187,Warren St,40.721123600000006,-74.03805095,24658,Subscriber,1983.0,1,6
127,221,2015-10-01 08:34:41,2015-10-01 08:38:22,3187,Warren St,40.721123600000006,-74.03805095,3186,Grove St PATH,40.71958611647166,-74.0431174635887,17653,Subscriber,1989.0,2,4
128,207,2015-10-01 08:34:48,2015-10-01 08:38:16,3214,Essex Light Rail,40.712774200000005,-74.03648570000001,3183,Exchange Place,40.7162469,-74.0334588,24513,Subscriber,1962.0,1,3
129,355,2015-10-01 08:35:11,2015-10-01 08:41:07,3203,Hamilton Park,40.727595966,-74.044247311,3202,Newport PATH,40.7272235,-74.03375890000001,24671,Subscriber,1954.0,1,6
130,1869,2015-10-01 08:35:52,2015-10-01 09:07:02,3215,Central Ave,40.7467299,-74.0492509,3202,Newport PATH,40.7272235,-74.03375890000001,24644,Subscriber,1982.0,1,31
131,448,2015-10-01 08:36:11,2015-10-01 08:43:40,3203,Hamilton Park,40.727595966,-74.044247311,3186,Grove St PATH,40.71958611647166,-74.0431174635887,24517,Subscriber,1968.0,1,7
132,1246,2015-10-01 08:38:08,2015-10-01 08:58:55,3196,Riverview Park,40.7443187,-74.04399090000001,3184,Paulus Hook,40.7141454,-74.0335519,24608,Subscriber,1984.0,1,21
133,163,2015-10-01 08:38:08,2015-10-01 08:40:52,3214,Essex Light Rail,40.712774200000005,-74.03648570000001,3183,Exchange Place,40.7162469,-74.0334588,24649,Subscriber,1983.0,1,3
134,1282,2015-10-01 08:38:30,2015-10-01 08:59:53,3193,Lincoln Park,40.7246050998869,-74.07840594649316,3202,Newport PATH,40.7272235,-74.03375890000001,24435,Subscriber,1985.0,1,21
135,624,2015-10-01 08:39:00,2015-10-01 08:49:25,3199,Newport Pkwy,40.7287448,-74.03210820000001,3183,Exchange Place,40.7162469,-74.0334588,24581,Subscriber,1972.0,2,10
136,263,2015-10-01 08:39:08,2015-10-01 08:43:32,3209,Brunswick St,40.7241765,-74.05065640000001,3186,Grove St PATH,40.71958611647166,-74.0431174635887,24639,Subscriber,1967.0,2,4
137,236,2015-10-01 08:40:18,2015-10-01 08:44:15,3195,Sip Ave,40.730742625306576,-74.06378388404845,3194,McGinley Square,40.7253399253558,-74.06762212514876,24422,Subscriber,1975.0,1,4
138,282,2015-10-01 08:41:00,2015-10-01 08:45:42,3194,McGinley Square,40.7253399253558,-74.06762212514876,3195,Sip Ave,40.730742625306576,-74.06378388404845,24504,Subscriber,1989.0,2,5
139,156,2015-10-01 08:41:19,2015-10-01 08:43:56,3209,Brunswick St,40.7241765,-74.05065640000001,3211,Newark Ave,40.72152515,-74.046304543,24436,Subscriber,1978.0,1,3
140,139,2015-10-01 08:41:59,2015-10-01 08:44:19,3211,Newark Ave,40.72152515,-74.046304543,3186,Grove St PATH,40.71958611647166,-74.0431174635887,24570,Subscriber,1972.0,1,2
141,335,2015-10-01 08:42:33,2015-10-01 08:48:08,3213,Van Vorst Park,40.71848892,-74.047726625,3183,Exchange Place,40.7162469,-74.0334588,24527,Subscriber,1983.0,1,6
142,334,2015-10-01 08:42:39,2015-10-01 08:48:14,3213,Van Vorst Park,40.71848892,-74.047726625,3183,Exchange Place,40.7162469,-74.0334588,24495,Subscriber,1988.0,2,6
143,629,2015-10-01 08:42:46,2015-10-01 08:53:15,3203,Hamilton Park,40.727595966,-74.044247311,3183,Exchange Place,40.7162469,-74.0334588,24688,Subscriber,1989.0,1,10
144,814,2015-10-01 08:42:47,2015-10-01 08:56:21,3190,Garfield Ave Station,40.7104670233797,-74.07003879547119,3186,Grove St PATH,40.71958611647166,-74.0431174635887,24650,Subscriber,1988.0,1,14
145,391,2015-10-01 08:43:16,2015-10-01 08:49:47,3185,City Hall,40.7177325,-74.04384499999999,3184,Paulus Hook,40.7141454,-74.0335519,24612,Subscriber,1982.0,2,7
146,528,2015-10-01 08:43:57,2015-10-01 08:52:46,3209,Brunswick St,40.7241765,-74.05065640000001,3183,Exchange Place,40.7162469,-74.0334588,24493,Subscriber,1949.0,1,9
147,203,2015-10-01 08:46:01,2015-10-01 08:49:24,3205,JC Medical Center,40.71653978099194,-74.0496379137039,3186,Grove St PATH,40.71958611647166,-74.0431174635887,24386,Subscriber,1985.0,1,3
148,407,2015-10-01 08:46:02,2015-10-01 08:52:50,3209,Brunswick St,40.7241765,-74.05065640000001,3186,Grove St PATH,40.71958611647166,-74.0431174635887,24635,Subscriber,1978.0,2,7
149,1732,2015-10-01 08:46:55,2015-10-01 09:15:48,3197,North St,40.752559000000005,-74.044725,3197,North St,40.752559000000005,-74.044725,24595,Customer,1984.0,0,29
150,227,2015-10-01 08:47:41,2015-10-01 08:51:29,3213,Van Vorst Park,40.71848892,-74.047726625,3186,Grove St PATH,40.71958611647166,-74.0431174635887,24472,Subscriber,1964.0,1,4
151,273,2015-10-01 08:48:40,2015-10-01 08:53:14,3209,Brunswick St,40.7241765,-74.05065640000001,3186,Grove St PATH,40.71958611647166,-74.0431174635887,24487,Subscriber,1984.0,1,5
152,267,2015-10-01 08:49:00,2015-10-01 08:53:28,3201,Dey St,40.737711,-74.066921,3195,Sip Ave,40.730742625306576,-74.06378388404845,24655,Subscriber,1972.0,1,4
153,542,2015-10-01 08:50:10,2015-10-01 08:59:12,3211,Newark Ave,40.72152515,-74.046304543,3183,Exchange Place,40.7162469,-74.0334588,24436,Subscriber,1980.0,1,9
154,441,2015-10-01 08:50:13,2015-10-01 08:57:34,3202,Newport PATH,40.7272235,-74.03375890000001,3186,Grove St PATH,40.71958611647166,-74.0431174635887,24531,Subscriber,1993.0,1,7
155,306,2015-10-01 08:53:40,2015-10-01 08:58:46,3194,McGinley Square,40.7253399253558,-74.06762212514876,3195,Sip Ave,40.730742625306576,-74.06378388404845,24466,Subscriber,1971.0,1,5
156,1329,2015-10-01 08:56:21,2015-10-01 09:18:30,3193,Lincoln Park,40.7246050998869,-74.07840594649316,3214,Essex Light Rail,40.712774200000005,-74.03648570000001,24501,Customer,1984.0,0,22
157,192,2015-10-01 08:57:58,2015-10-01 09:01:11,3220,5 Corners Library,40.73496102000952,-74.05950307846071,3195,Sip Ave,40.730742625306576,-74.06378388404845,24460,Subscriber,1979.0,1,3
158,342,2015-10-01 08:58:37,2015-10-01 09:04:19,3214,Essex Light Rail,40.712774200000005,-74.03648570000001,3202,Newport PATH,40.7272235,-74.03375890000001,24480,Subscriber,1979.0,1,6
159,5198,2015-10-01 09:00:45,2015-10-01 10:27:24,3211,Newark Ave,40.72152515,-74.046304543,3205,JC Medical Center,40.71653978099194,-74.0496379137039,24535,Subscriber,1978.0,2,87
160,187,2015-10-01 09:03:08,2015-10-01 09:06:15,3213,Van Vorst Park,40.71848892,-74.047726625,3186,Grove St PATH,40.71958611647166,-74.0431174635887,24396,Subscriber,1986.0,1,3
161,552,2015-10-01 09:03:45,2015-10-01 09:12:58,3209,Brunswick St,40.7241765,-74.05065640000001,3185,City Hall,40.7177325,-74.04384499999999,24653,Subscriber,1984.0,1,9
162,280,2015-10-01 09:03:46,2015-10-01 09:08:26,3194,McGinley Square,40.7253399253558,-74.06762212514876,3195,Sip Ave,40.730742625306576,-74.06378388404845,24641,Subscriber,1968.0,1,5
163,101,2015-10-01 09:06:26,2015-10-01 09:08:08,3213,Van Vorst Park,40.71848892,-74.047726625,3185,City Hall,40.7177325,-74.04384499999999,24704,Subscriber,1962.0,1,2
164,223,2015-10-01 09:07:05,2015-10-01 09:10:49,3207,Oakland Ave,40.7376037,-74.05247829999999,3220,5 Corners Library,40.73496102000952,-74.05950307846071,24467,Subscriber,1986.0,1,4
165,235,2015-10-01 09:11:20,2015-10-01 09:15:16,3187,Warren St,40.721123600000006,-74.03805095,3183,Exchange Place,40.7162469,-74.0334588,24714,Subscriber,1984.0,1,4
166,1161,2015-10-01 09:11:27,2015-10-01 09:30:49,3188,NJCU,40.710108700000006,-74.0858489,3186,Grove St PATH,40.71958611647166,-74.0431174635887,24558,Subscriber,1982.0,1,19
167,701,2015-10-01 09:14:58,2015-10-01 09:26:39,3225,Baldwin at Montgomery,40.7236589,-74.0641943,3192,Liberty Light Rail,40.7112423,-74.0557013,24633,Customer,1984.0,0,12
168,540,2015-10-01 09:16:16,2015-10-01 09:25:16,3202,Newport PATH,40.7272235,-74.03375890000001,3214,Essex Light Rail,40.712774200000005,-74.03648570000001,24406,Subscriber,1972.0,1,9
169,708,2015-10-01 09:17:26,2015-10-01 09:29:15,3211,Newark Ave,40.72152515,-74.046304543,3203,Hamilton Park,40.727595966,-74.044247311,24579,Subscriber,1977.0,2,12
170,789,2015-10-01 09:19:11,2015-10-01 09:32:21,3201,Dey St,40.737711,-74.066921,3202,Newport PATH,40.7272235,-74.03375890000001,24431,Subscriber,1984.0,1,13
171,328,2015-10-01 09:20:01,2015-10-01 09:25:30,3194,McGinley Square,40.7253399253558,-74.06762212514876,3195,Sip Ave,40.730742625306576,-74.06378388404845,24569,Subscriber,1990.0,1,5
172,303,2015-10-01 09:22:00,2015-10-01 09:27:03,3187,Warren St,40.721123600000006,-74.03805095,3183,Exchange Place,40.7162469,-74.0334588,24711,Subscriber,1985.0,2,5
173,260,2015-10-01 09:22:03,2015-10-01 09:26:23,3205,JC Medical Center,40.71653978099194,-74.0496379137039,3185,City Hall,40.7177325,-74.04384499999999,24643,Subscriber,1987.0,1,4
174,581,2015-10-01 09:25:14,2015-10-01 09:34:56,3213,Van Vorst Park,40.71848892,-74.047726625,3183,Exchange Place,40.7162469,-74.0334588,24591,Subscriber,1983.0,2,10
175,341,2015-10-01 09:28:35,2015-10-01 09:34:16,3211,Newark Ave,40.72152515,-74.046304543,3183,Exchange Place,40.7162469,-74.0334588,24665,Subscriber,1985.0,1,6
176,791,2015-10-01 09:30:53,2015-10-01 09:44:04,3209,Brunswick St,40.7241765,-74.05065640000001,3214,Essex Light Rail,40.712774200000005,-74.03648570000001,24659,Subscriber,1983.0,2,13
177,161,2015-10-01 09:35:20,2015-10-01 09:38:01,3211,Newark Ave,40.72152515,-74.046304543,3186,Grove St PATH,40.71958611647166,-74.0431174635887,24494,Subscriber,1977.0,1,3
178,296,2015-10-01 09:38:21,2015-10-01 09:43:18,3203,Hamilton Park,40.727595966,-74.044247311,3186,Grove St PATH,40.71958611647166,-74.0431174635887,24579,Subscriber,1981.0,1,5
179,973,2015-10-01 09:38:43,2015-10-01 09:54:56,3201,Dey St,40.737711,-74.066921,3220,5 Corners Library,40.73496102000952,-74.05950307846071,24589,Subscriber,1960.0,1,16
180,302,2015-10-01 09:39:07,2015-10-01 09:44:09,3209,Brunswick St,40.7241765,-74.05065640000001,3186,Grove St PATH,40.71958611647166,-74.0431174635887,24415,Subscriber,1983.0,2,5
181,345,2015-10-01 09:41:49,2015-10-01 09:47:34,3213,Van Vorst Park,40.71848892,-74.047726625,3183,Exchange Place,40.7162469,-74.0334588,24483,Subscriber,1980.0,1,6
182,541,2015-10-01 09:42:51,2015-10-01 09:51:52,3213,Van Vorst Park,40.71848892,-74.047726625,3183,Exchange Place,40.7162469,-74.0334588,24496,Subscriber,1990.0,2,9
183,296,2015-10-01 09:44:28,2015-10-01 09:49:25,3186,Grove St PATH,40.71958611647166,-74.0431174635887,3183,Exchange Place,40.7162469,-74.0334588,24396,Subscriber,1990.0,1,5
184,358,2015-10-01 09:47:28,2015-10-01 09:53:26,3225,Baldwin at Montgomery,40.7236589,-74.0641943,3195,Sip Ave,40.730742625306576,-74.06378388404845,24567,Subscriber,1984.0,1,6
185,156,2015-10-01 09:47:42,2015-10-01 09:50:19,3187,Warren St,40.721123600000006,-74.03805095,3186,Grove St PATH,40.71958611647166,-74.0431174635887,24721,Subscriber,1991.0,1,3
186,838,2015-10-01 09:50:32,2015-10-01 10:04:30,3212,Christ Hospital,40.734785818,-74.050443636,3186,Grove St PATH,40.71958611647166,-74.0431174635887,24631,Subscriber,1980.0,1,14
187,263,2015-10-01 09:51:12,2015-10-01 09:55:36,3195,Sip Ave,40.730742625306576,-74.06378388404845,3194,McGinley Square,40.7253399253558,-74.06762212514876,24569,Subscriber,1990.0,2,4
188,313,2015-10-01 09:51:29,2015-10-01 09:56:42,3203,Hamilton Park,40.727595966,-74.044247311,3186,Grove St PATH,40.71958611647166,-74.0431174635887,17653,Subscriber,1975.0,1,5
189,442,2015-10-01 09:52:30,2015-10-01 09:59:53,3199,Newport Pkwy,40.7287448,-74.03210820000001,3183,Exchange Place,40.7162469,-74.0334588,24407,Subscriber,1985.0,1,7
190,1914,2015-10-01 09:53:00,2015-10-01 10:24:54,3193,Lincoln Park,40.7246050998869,-74.07840594649316,3206,Hilltop,40.7311689,-74.0575736,24387,Subscriber,1975.0,2,32
191,340,2015-10-01 09:54:22,2015-10-01 10:00:02,3205,JC Medical Center,40.71653978099194,-74.0496379137039,3183,Exchange Place,40.7162469,-74.0334588,24636,Subscriber,1970.0,1,6
192,669,2015-10-01 09:56:26,2015-10-01 10:07:36,3195,Sip Ave,40.730742625306576,-74.06378388404845,3193,Lincoln Park,40.7246050998869,-74.07840594649316,24628,Subscriber,1985.0,2,11
193,195,2015-10-01 09:59:12,2015-10-01 10:02:27,3194,McGinley Square,40.7253399253558,-74.06762212514876,3195,Sip Ave,40.730742625306576,-74.06378388404845,24569,Subscriber,1986.0,1,3
194,492,2015-10-01 10:08:16,2015-10-01 10:16:29,3203,Hamilton Park,40.727595966,-74.044247311,3183,Exchange Place,40.7162469,-74.0334588,24401,Subscriber,1979.0,1,8
195,954,2015-10-01 10:10:10,2015-10-01 10:26:05,3209,Brunswick St,40.7241765,-74.05065640000001,3199,Newport Pkwy,40.7287448,-74.03210820000001,19086,Subscriber,1989.0,2,16
196,978,2015-10-01 10:10:57,2015-10-01 10:27:15,3215,Central Ave,40.7467299,-74.0492509,3220,5 Corners Library,40.73496102000952,-74.05950307846071,24701,Subscriber,1987.0,1,16
197,318,2015-10-01 10:11:38,2015-10-01 10:16:56,3185,City Hall,40.7177325,-74.04384499999999,3183,Exchange Place,40.7162469,-74.0334588,24699,Subscriber,1982.0,1,5
198,265,2015-10-01 10:12:15,2015-10-01 10:16:41,3203,Hamilton Park,40.727595966,-74.044247311,3186,Grove St PATH,40.71958611647166,-74.0431174635887,24700,Subscriber,1960.0,1,4
199,186,2015-10-01 10:17:33,2015-10-01 10:20:40,3214,Essex Light Rail,40.712774200000005,-74.03648570000001,3183,Exchange Place,40.7162469,-74.0334588,24501,Subscriber,1977.0,1,3
200,312,2015-10-01 10:20:15,2015-10-01 10:25:28,3186,Grove St PATH,40.71958611647166,-74.0431174635887,3203,Hamilton Park,40.727595966,-74.044247311,24650,Subscriber,1980.0,1,5
201,600,2015-10-01 10:23:27,2015-10-01 10:33:28,3212,Christ Hospital,40.734785818,-74.050443636,3210,Pershing Field,40.742677141,-74.051788633,24716,Subscriber,1965.0,1,10
202,594,2015-10-01 10:25:08,2015-10-01 10:35:03,3196,Riverview Park,40.7443187,-74.04399090000001,3220,5 Corners Library,40.73496102000952,-74.05950307846071,24626,Subscriber,1984.0,1,10
203,210,2015-10-01 10:26:18,2015-10-01 10:29:48,3209,Brunswick St,40.7241765,-74.05065640000001,3186,Grove St PATH,40.71958611647166,-74.0431174635887,24639,Subscriber,1984.0,1,4
204,18774,2015-10-01 10:27:41,2015-10-01 15:40:36,3187,Warren St,40.721123600000006,-74.03805095,3183,Exchange Place,40.7162469,-74.0334588,24476,Subscriber,1963.0,1,313
205,278,2015-10-01 10:28:39,2015-10-01 10:33:18,3203,Hamilton Park,40.727595966,-74.044247311,3187,Warren St,40.721123600000006,-74.03805095,24705,Subscriber,1976.0,1,5
206,4360,2015-10-01 10:29:37,2015-10-01 11:42:18,3205,JC Medical Center,40.71653978099194,-74.0496379137039,3199,Newport Pkwy,40.7287448,-74.03210820000001,24535,Customer,1984.0,0,73
207,266,2015-10-01 10:33:00,2015-10-01 10:37:26,3186,Grove St PATH,40.71958611647166,-74.0431174635887,3187,Warren St,40.721123600000006,-74.03805095,24631,Subscriber,1981.0,1,4
208,667,2015-10-01 05:47:44,2015-10-01 05:58:51,3192,Liberty Light Rail,40.7112423,-74.0557013,3184,Paulus Hook,40.7141454,-74.0335519,24536,Subscriber,1960.0,1,11
209,496,2015-10-01 06:05:11,2015-10-01 06:13:27,3192,Liberty Light Rail,40.7112423,-74.0557013,3186,Grove St PATH,40.71958611647166,-74.0431174635887,24668,Subscriber,1989.0,2,8
210,535,2015-10-01 07:18:37,2015-10-01 07:27:32,3192,Liberty Light Rail,40.7112423,-74.0557013,3183,Exchange Place,40.7162469,-74.0334588,24457,Subscriber,1981.0,2,9
211,610,2015-10-01 08:18:19,2015-10-01 08:28:30,3192,Liberty Light Rail,40.7112423,-74.0557013,3185,City Hall,40.7177325,-74.04384499999999,24429,Subscriber,1983.0,1,10
212,667,2015-10-01 08:21:13,2015-10-01 08:32:21,3192,Liberty Light Rail,40.7112423,-74.0557013,3186,Grove St PATH,40.71958611647166,-74.0431174635887,24404,Subscriber,1966.0,2,11
213,558,2015-10-01 08:31:38,2015-10-01 08:40:56,3192,Liberty Light Rail,40.7112423,-74.0557013,3186,Grove St PATH,40.71958611647166,-74.0431174635887,24539,Subscriber,1979.0,1,9
214,580,2015-10-01 09:11:04,2015-10-01 09:20:44,3192,Liberty Light Rail,40.7112423,-74.0557013,3183,Exchange Place,40.7162469,-74.0334588,24479,Subscriber,1968.0,1,10
215,496,2015-10-01 10:44:59,2015-10-01 10:53:16,3210,Pershing Field,40.742677141,-74.051788633,3212,Christ Hospital,40.734785818,-74.050443636,24716,Subscriber,1965.0,1,8
216,170,2015-10-01 10:45:05,2015-10-01 10:47:55,3203,Hamilton Park,40.727595966,-74.044247311,3211,Newark Ave,40.72152515,-74.046304543,24386,Subscriber,1976.0,1,3
217,370,2015-10-01 10:47:44,2015-10-01 10:53:55,3186,Grove St PATH,40.71958611647166,-74.0431174635887,3209,Brunswick St,40.7241765,-74.05065640000001,24415,Subscriber,1976.0,2,6
218,605,2015-10-01 10:50:20,2015-10-01 11:00:26,3202,Newport PATH,40.7272235,-74.03375890000001,3183,Exchange Place,40.7162469,-74.0334588,24666,Subscriber,1985.0,1,10
219,920,2015-10-01 11:01:45,2015-10-01 11:17:06,3195,Sip Ave,40.730742625306576,-74.06378388404845,3201,Dey St,40.737711,-74.066921,24584,Subscriber,1962.0,2,15
220,179,2015-10-01 11:02:13,2015-10-01 11:05:13,3183,Exchange Place,40.7162469,-74.0334588,3214,Essex Light Rail,40.712774200000005,-74.03648570000001,24508,Subscriber,1977.0,1,3
221,183,2015-10-01 11:03:28,2015-10-01 11:06:32,3203,Hamilton Park,40.727595966,-74.044247311,3211,Newark Ave,40.72152515,-74.046304543,24650,Subscriber,1980.0,1,3
222,99,2015-10-01 11:09:32,2015-10-01 11:11:12,3211,Newark Ave,40.72152515,-74.046304543,3186,Grove St PATH,40.71958611647166,-74.0431174635887,24650,Subscriber,1976.0,1,2
223,841,2015-10-01 11:10:51,2015-10-01 11:24:52,3220,5 Corners Library,40.73496102000952,-74.05950307846071,3196,Riverview Park,40.7443187,-74.04399090000001,24626,Subscriber,1984.0,1,14
224,332,2015-10-01 11:31:23,2015-10-01 11:36:56,3211,Newark Ave,40.72152515,-74.046304543,3203,Hamilton Park,40.727595966,-74.044247311,24386,Subscriber,1978.0,1,6
225,262,2015-10-01 11:32:19,2015-10-01 11:36:41,3184,Paulus Hook,40.7141454,-74.0335519,3187,Warren St,40.721123600000006,-74.03805095,24540,Subscriber,1963.0,2,4
226,732,2015-10-01 11:36:58,2015-10-01 11:49:10,3202,Newport PATH,40.7272235,-74.03375890000001,3198,Heights Elevator,40.74871594538023,-74.04044330120088,24671,Subscriber,1987.0,1,12
227,2890,2015-10-01 11:45:16,2015-10-01 12:33:26,3199,Newport Pkwy,40.7287448,-74.03210820000001,3199,Newport Pkwy,40.7287448,-74.03210820000001,24623,Customer,1984.0,0,48
228,270,2015-10-01 11:46:32,2015-10-01 11:51:02,3205,JC Medical Center,40.71653978099194,-74.0496379137039,3186,Grove St PATH,40.71958611647166,-74.0431174635887,24723,Subscriber,1976.0,2,4
229,678,2015-10-01 11:53:27,2015-10-01 12:04:45,3185,City Hall,40.7177325,-74.04384499999999,3194,McGinley Square,40.7253399253558,-74.06762212514876,24606,Subscriber,1988.0,1,11
230,445,2015-10-01 11:54:55,2015-10-01 12:02:20,3214,Essex Light Rail,40.712774200000005,-74.03648570000001,3202,Newport PATH,40.7272235,-74.03375890000001,24508,Subscriber,1977.0,1,7
231,184,2015-10-01 11:56:09,2015-10-01 11:59:14,3214,Essex Light Rail,40.712774200000005,-74.03648570000001,3183,Exchange Place,40.7162469,-74.0334588,24406,Subscriber,1973.0,1,3
232,110,2015-10-01 11:56:44,2015-10-01 11:58:35,3199,Newport Pkwy,40.7287448,-74.03210820000001,3202,Newport PATH,40.7272235,-74.03375890000001,24471,Subscriber,1977.0,2,2
233,391,2015-10-01 11:59:35,2015-10-01 12:06:07,3184,Paulus Hook,40.7141454,-74.0335519,3202,Newport PATH,40.7272235,-74.03375890000001,24536,Subscriber,1986.0,1,7
234,329,2015-10-01 11:59:45,2015-10-01 12:05:15,3187,Warren St,40.721123600000006,-74.03805095,3184,Paulus Hook,40.7141454,-74.0335519,24540,Subscriber,1963.0,2,5
235,1063,2015-10-01 12:00:48,2015-10-01 12:18:32,3205,JC Medical Center,40.71653978099194,-74.0496379137039,3187,Warren St,40.721123600000006,-74.03805095,24477,Customer,1984.0,0,18
236,276,2015-10-01 12:01:56,2015-10-01 12:06:33,3194,McGinley Square,40.7253399253558,-74.06762212514876,3195,Sip Ave,40.730742625306576,-74.06378388404845,24402,Subscriber,1985.0,2,5
237,975,2015-10-01 12:02:08,2015-10-01 12:18:24,3205,JC Medical Center,40.71653978099194,-74.0496379137039,3187,Warren St,40.721123600000006,-74.03805095,24604,Customer,1984.0,0,16
238,929,2015-10-01 12:03:08,2015-10-01 12:18:37,3205,JC Medical Center,40.71653978099194,-74.0496379137039,3187,Warren St,40.721123600000006,-74.03805095,24538,Customer,1984.0,0,15
239,2250,2015-10-01 12:03:14,2015-10-01 12:40:44,3210,Pershing Field,40.742677141,-74.051788633,3186,Grove St PATH,40.71958611647166,-74.0431174635887,24408,Subscriber,1968.0,1,38
240,863,2015-10-01 12:03:48,2015-10-01 12:18:12,3205,JC Medical Center,40.71653978099194,-74.0496379137039,3187,Warren St,40.721123600000006,-74.03805095,24522,Customer,1984.0,0,14
241,828,2015-10-01 12:04:43,2015-10-01 12:18:31,3205,JC Medical Center,40.71653978099194,-74.0496379137039,3187,Warren St,40.721123600000006,-74.03805095,24652,Customer,1984.0,0,14
242,144,2015-10-01 12:06:32,2015-10-01 12:08:56,3183,Exchange Place,40.7162469,-74.0334588,3184,Paulus Hook,40.7141454,-74.0335519,24666,Subscriber,1974.0,2,2
243,300,2015-10-01 12:07:05,2015-10-01 12:12:06,3201,Dey St,40.737711,-74.066921,3195,Sip Ave,40.730742625306576,-74.06378388404845,24511,Subscriber,1964.0,1,5
244,886,2015-10-01 12:08:44,2015-10-01 12:23:31,3201,Dey St,40.737711,-74.066921,3195,Sip Ave,40.730742625306576,-74.06378388404845,24551,Subscriber,1961.0,1,15
245,851,2015-10-01 12:09:08,2015-10-01 12:23:19,3201,Dey St,40.737711,-74.066921,3195,Sip Ave,40.730742625306576,-74.06378388404845,24484,Subscriber,1961.0,1,14
246,353,2015-10-01 12:09:26,2015-10-01 12:15:20,3183,Exchange Place,40.7162469,-74.0334588,3186,Grove St PATH,40.71958611647166,-74.0431174635887,24649,Subscriber,1990.0,1,6
247,347,2015-10-01 12:09:35,2015-10-01 12:15:23,3183,Exchange Place,40.7162469,-74.0334588,3186,Grove St PATH,40.71958611647166,-74.0431174635887,24548,Subscriber,1986.0,1,6
248,358,2015-10-01 12:13:25,2015-10-01 12:19:24,3184,Paulus Hook,40.7141454,-74.0335519,3185,City Hall,40.7177325,-74.04384499999999,24391,Subscriber,1980.0,1,6
249,1280,2015-10-01 12:14:08,2015-10-01 12:35:28,3195,Sip Ave,40.730742625306576,-74.06378388404845,3185,City Hall,40.7177325,-74.04384499999999,24430,Subscriber,1988.0,1,21
250,138,2015-10-01 12:15:46,2015-10-01 12:18:05,3213,Van Vorst Park,40.71848892,-74.047726625,3186,Grove St PATH,40.71958611647166,-74.0431174635887,24396,Subscriber,1972.0,1,2
251,1379,2015-10-01 12:19:46,2015-10-01 12:42:45,3202,Newport PATH,40.7272235,-74.03375890000001,3183,Exchange Place,40.7162469,-74.0334588,24536,Subscriber,1986.0,1,23
252,1270,2015-10-01 12:20:51,2015-10-01 12:42:01,3202,Newport PATH,40.7272235,-74.03375890000001,3183,Exchange Place,40.7162469,-74.0334588,24508,Subscriber,1983.0,1,21
253,755,2015-10-01 12:21:30,2015-10-01 12:34:05,3205,JC Medical Center,40.71653978099194,-74.0496379137039,3205,JC Medical Center,40.71653978099194,-74.0496379137039,24509,Subscriber,1970.0,2,13
254,1222,2015-10-01 12:22:09,2015-10-01 12:42:32,3202,Newport PATH,40.7272235,-74.03375890000001,3183,Exchange Place,40.7162469,-74.0334588,24480,Customer,1984.0,0,20
255,1745,2015-10-01 12:26:48,2015-10-01 12:55:54,3183,Exchange Place,40.7162469,-74.0334588,3214,Essex Light Rail,40.712774200000005,-74.03648570000001,24669,Subscriber,1989.0,1,29
256,1897,2015-10-01 12:27:03,2015-10-01 12:58:40,3183,Exchange Place,40.7162469,-74.0334588,3214,Essex Light Rail,40.712774200000005,-74.03648570000001,24629,Subscriber,1989.0,1,32
257,1732,2015-10-01 12:27:11,2015-10-01 12:56:04,3183,Exchange Place,40.7162469,-74.0334588,3214,Essex Light Rail,40.712774200000005,-74.03648570000001,24445,Subscriber,1986.0,1,29
258,90,2015-10-01 12:27:33,2015-10-01 12:29:03,3185,City Hall,40.7177325,-74.04384499999999,3186,Grove St PATH,40.71958611647166,-74.0431174635887,24643,Subscriber,1986.0,2,2
259,606,2015-10-01 12:27:47,2015-10-01 12:37:53,3194,McGinley Square,40.7253399253558,-74.06762212514876,3185,City Hall,40.7177325,-74.04384499999999,24606,Subscriber,1990.0,2,10
260,399,2015-10-01 12:31:09,2015-10-01 12:37:48,3202,Newport PATH,40.7272235,-74.03375890000001,3214,Essex Light Rail,40.712774200000005,-74.03648570000001,24478,Subscriber,1977.0,1,7
261,972,2015-10-01 12:35:49,2015-10-01 12:52:02,3199,Newport Pkwy,40.7287448,-74.03210820000001,3186,Grove St PATH,40.71958611647166,-74.0431174635887,24535,Customer,1984.0,0,16
262,209,2015-10-01 12:39:49,2015-10-01 12:43:18,3183,Exchange Place,40.7162469,-74.0334588,3214,Essex Light Rail,40.712774200000005,-74.03648570000001,24651,Subscriber,1973.0,1,3
263,544,2015-10-01 12:42:57,2015-10-01 12:52:01,3187,Warren St,40.721123600000006,-74.03805095,3202,Newport PATH,40.7272235,-74.03375890000001,24652,Customer,1984.0,0,9
264,486,2015-10-01 12:43:13,2015-10-01 12:51:20,3187,Warren St,40.721123600000006,-74.03805095,3202,Newport PATH,40.7272235,-74.03375890000001,24497,Customer,1984.0,0,8
265,485,2015-10-01 12:43:23,2015-10-01 12:51:28,3187,Warren St,40.721123600000006,-74.03805095,3202,Newport PATH,40.7272235,-74.03375890000001,24477,Customer,1984.0,0,8
266,466,2015-10-01 12:43:53,2015-10-01 12:51:40,3187,Warren St,40.721123600000006,-74.03805095,3202,Newport PATH,40.7272235,-74.03375890000001,24526,Customer,1984.0,0,8
267,108,2015-10-01 12:43:59,2015-10-01 12:45:48,3199,Newport Pkwy,40.7287448,-74.03210820000001,3202,Newport PATH,40.7272235,-74.03375890000001,24474,Subscriber,1984.0,1,2
268,581,2015-10-01 12:44:15,2015-10-01 12:53:56,3184,Paulus Hook,40.7141454,-74.0335519,3184,Paulus Hook,40.7141454,-74.0335519,24683,Subscriber,1987.0,1,10
269,438,2015-10-01 12:44:16,2015-10-01 12:51:35,3187,Warren St,40.721123600000006,-74.03805095,3202,Newport PATH,40.7272235,-74.03375890000001,24538,Customer,1984.0,0,7
270,1018,2015-10-01 12:45:49,2015-10-01 13:02:47,3196,Riverview Park,40.7443187,-74.04399090000001,3195,Sip Ave,40.730742625306576,-74.06378388404845,24626,Customer,1984.0,0,17
271,188,2015-10-01 12:48:38,2015-10-01 12:51:47,3184,Paulus Hook,40.7141454,-74.0335519,3183,Exchange Place,40.7162469,-74.0334588,24608,Subscriber,1974.0,2,3
272,950,2015-10-01 12:55:37,2015-10-01 13:11:27,3210,Pershing Field,40.742677141,-74.051788633,3186,Grove St PATH,40.71958611647166,-74.0431174635887,24488,Subscriber,1963.0,1,16
273,1535,2015-10-01 12:59:00,2015-10-01 13:24:35,3193,Lincoln Park,40.7246050998869,-74.07840594649316,3195,Sip Ave,40.730742625306576,-74.06378388404845,24546,Customer,1984.0,0,26
274,702,2015-10-01 13:03:34,2015-10-01 13:15:16,3207,Oakland Ave,40.7376037,-74.05247829999999,3186,Grove St PATH,40.71958611647166,-74.0431174635887,24481,Subscriber,1981.0,1,12
275,161,2015-10-01 13:04:26,2015-10-01 13:07:07,3183,Exchange Place,40.7162469,-74.0334588,3214,Essex Light Rail,40.712774200000005,-74.03648570000001,24536,Subscriber,1967.0,1,3
276,364,2015-10-01 13:05:25,2015-10-01 13:11:30,3202,Newport PATH,40.7272235,-74.03375890000001,3184,Paulus Hook,40.7141454,-74.0335519,24497,Subscriber,1986.0,1,6
277,690,2015-10-01 13:07:14,2015-10-01 13:18:45,3210,Pershing Field,40.742677141,-74.051788633,3195,Sip Ave,40.730742625306576,-74.06378388404845,24431,Subscriber,1950.0,1,12
278,237,2015-10-01 13:09:07,2015-10-01 13:13:04,3203,Hamilton Park,40.727595966,-74.044247311,3209,Brunswick St,40.7241765,-74.05065640000001,24681,Subscriber,1975.0,1,4
279,372,2015-10-01 13:13:31,2015-10-01 13:19:44,3187,Warren St,40.721123600000006,-74.03805095,3209,Brunswick St,40.7241765,-74.05065640000001,24707,Subscriber,1989.0,1,6
280,631,2015-10-01 13:19:01,2015-10-01 13:29:32,3183,Exchange Place,40.7162469,-74.0334588,3202,Newport PATH,40.7272235,-74.03375890000001,24508,Subscriber,1983.0,1,11
281,629,2015-10-01 13:19:01,2015-10-01 13:29:31,3183,Exchange Place,40.7162469,-74.0334588,3202,Newport PATH,40.7272235,-74.03375890000001,24599,Customer,1984.0,0,10
282,619,2015-10-01 13:19:24,2015-10-01 13:29:44,3183,Exchange Place,40.7162469,-74.0334588,3202,Newport PATH,40.7272235,-74.03375890000001,24581,Subscriber,1986.0,1,10
283,1386,2015-10-01 13:22:18,2015-10-01 13:45:24,3214,Essex Light Rail,40.712774200000005,-74.03648570000001,3183,Exchange Place,40.7162469,-74.0334588,24669,Subscriber,1989.0,1,23
284,1362,2015-10-01 13:22:42,2015-10-01 13:45:24,3214,Essex Light Rail,40.712774200000005,-74.03648570000001,3183,Exchange Place,40.7162469,-74.0334588,24445,Subscriber,1986.0,1,23
285,215,2015-10-01 13:22:48,2015-10-01 13:26:23,3183,Exchange Place,40.7162469,-74.0334588,3214,Essex Light Rail,40.712774200000005,-74.03648570000001,24480,Subscriber,1962.0,1,4
286,382,2015-10-01 13:34:31,2015-10-01 13:40:54,3195,Sip Ave,40.730742625306576,-74.06378388404845,3225,Baldwin at Montgomery,40.7236589,-74.0641943,24546,Customer,1984.0,0,6
287,638,2015-10-01 13:34:47,2015-10-01 13:45:26,3214,Essex Light Rail,40.712774200000005,-74.03648570000001,3183,Exchange Place,40.7162469,-74.0334588,24629,Customer,1984.0,0,11
288,210,2015-10-01 13:46:24,2015-10-01 13:49:54,3183,Exchange Place,40.7162469,-74.0334588,3214,Essex Light Rail,40.712774200000005,-74.03648570000001,24406,Subscriber,1963.0,1,4
289,288,2015-10-01 13:47:14,2015-10-01 13:52:02,3211,Newark Ave,40.72152515,-74.046304543,3185,City Hall,40.7177325,-74.04384499999999,24412,Subscriber,1983.0,2,5
290,306,2015-10-01 13:47:58,2015-10-01 13:53:05,3197,North St,40.752559000000005,-74.044725,3215,Central Ave,40.7467299,-74.0492509,24592,Customer,1984.0,0,5
291,977,2015-10-01 13:49:25,2015-10-01 14:05:42,3195,Sip Ave,40.730742625306576,-74.06378388404845,3196,Riverview Park,40.7443187,-74.04399090000001,24626,Customer,1984.0,0,16
292,837,2015-10-01 13:50:53,2015-10-01 14:04:51,3198,Heights Elevator,40.74871594538023,-74.04044330120088,3186,Grove St PATH,40.71958611647166,-74.0431174635887,24691,Subscriber,1951.0,1,14
293,454,2015-10-01 13:51:40,2015-10-01 13:59:14,3202,Newport PATH,40.7272235,-74.03375890000001,3187,Warren St,40.721123600000006,-74.03805095,24526,Customer,1984.0,0,8
294,441,2015-10-01 13:51:57,2015-10-01 13:59:18,3202,Newport PATH,40.7272235,-74.03375890000001,3187,Warren St,40.721123600000006,-74.03805095,24474,Customer,1984.0,0,7
295,426,2015-10-01 13:52:16,2015-10-01 13:59:22,3202,Newport PATH,40.7272235,-74.03375890000001,3187,Warren St,40.721123600000006,-74.03805095,24508,Customer,1984.0,0,7
296,790,2015-10-01 13:57:45,2015-10-01 14:10:56,3211,Newark Ave,40.72152515,-74.046304543,3199,Newport Pkwy,40.7287448,-74.03210820000001,24553,Subscriber,1991.0,2,13
297,583,2015-10-01 13:59:13,2015-10-01 14:08:57,3199,Newport Pkwy,40.7287448,-74.03210820000001,3183,Exchange Place,40.7162469,-74.0334588,24623,Customer,1984.0,0,10
298,1752,2015-10-01 14:06:21,2015-10-01 14:35:33,3212,Christ Hospital,40.734785818,-74.050443636,3212,Christ Hospital,40.734785818,-74.050443636,24697,Subscriber,1965.0,1,29
299,260,2015-10-01 14:09:08,2015-10-01 14:13:29,3209,Brunswick St,40.7241765,-74.05065640000001,3186,Grove St PATH,40.71958611647166,-74.0431174635887,24707,Subscriber,1981.0,1,4
300,1605,2015-10-01 14:13:55,2015-10-01 14:40:41,3192,Liberty Light Rail,40.7112423,-74.0557013,3186,Grove St PATH,40.71958611647166,-74.0431174635887,24564,Customer,1984.0,0,27
301,405,2015-10-01 14:16:09,2015-10-01 14:22:55,3214,Essex Light Rail,40.712774200000005,-74.03648570000001,3186,Grove St PATH,40.71958611647166,-74.0431174635887,24536,Subscriber,1992.0,1,7
302,533,2015-10-01 14:21:34,2015-10-01 14:30:28,3214,Essex Light Rail,40.712774200000005,-74.03648570000001,3202,Newport PATH,40.7272235,-74.03375890000001,24478,Subscriber,1986.0,2,9
303,664,2015-10-01 14:23:22,2015-10-01 14:34:26,3194,McGinley Square,40.7253399253558,-74.06762212514876,3203,Hamilton Park,40.727595966,-74.044247311,24702,Subscriber,1974.0,2,11
304,343,2015-10-01 14:24:07,2015-10-01 14:29:50,3185,City Hall,40.7177325,-74.04384499999999,3187,Warren St,40.721123600000006,-74.03805095,24429,Subscriber,1979.0,1,6
305,206,2015-10-01 14:33:51,2015-10-01 14:37:17,3186,Grove St PATH,40.71958611647166,-74.0431174635887,3205,JC Medical Center,40.71653978099194,-74.0496379137039,24490,Subscriber,1980.0,1,3
306,866,2015-10-01 14:35:57,2015-10-01 14:50:23,3202,Newport PATH,40.7272235,-74.03375890000001,3203,Hamilton Park,40.727595966,-74.044247311,24599,Subscriber,1977.0,2,14
307,1377,2015-10-01 14:46:42,2015-10-01 15:09:40,3194,McGinley Square,40.7253399253558,-74.06762212514876,3194,McGinley Square,40.7253399253558,-74.06762212514876,24419,Subscriber,1987.0,1,23
308,482,2015-10-01 14:55:04,2015-10-01 15:03:06,3184,Paulus Hook,40.7141454,-74.0335519,3213,Van Vorst Park,40.71848892,-74.047726625,24666,Subscriber,1959.0,2,8
309,624,2015-10-01 15:00:22,2015-10-01 15:10:47,3203,Hamilton Park,40.727595966,-74.044247311,3185,City Hall,40.7177325,-74.04384499999999,24494,Subscriber,1977.0,2,10
310,771,2015-10-01 15:01:45,2015-10-01 15:14:37,3202,Newport PATH,40.7272235,-74.03375890000001,3220,5 Corners Library,40.73496102000952,-74.05950307846071,24478,Subscriber,1982.0,1,13
311,202,2015-10-01 15:02:56,2015-10-01 15:06:18,3203,Hamilton Park,40.727595966,-74.044247311,3211,Newark Ave,40.72152515,-74.046304543,17653,Subscriber,1982.0,1,3
312,881,2015-10-01 15:04:05,2015-10-01 15:18:47,3203,Hamilton Park,40.727595966,-74.044247311,3199,Newport Pkwy,40.7287448,-74.03210820000001,24455,Subscriber,1977.0,2,15
313,146,2015-10-01 15:05:05,2015-10-01 15:07:32,3184,Paulus Hook,40.7141454,-74.0335519,3214,Essex Light Rail,40.712774200000005,-74.03648570000001,24612,Subscriber,1979.0,1,2
314,543,2015-10-01 15:05:35,2015-10-01 15:14:39,3212,Christ Hospital,40.734785818,-74.050443636,3195,Sip Ave,40.730742625306576,-74.06378388404845,24454,Subscriber,1990.0,1,9
315,589,2015-10-01 15:06:52,2015-10-01 15:16:42,3202,Newport PATH,40.7272235,-74.03375890000001,3214,Essex Light Rail,40.712774200000005,-74.03648570000001,24581,Subscriber,1986.0,2,10
316,266,2015-10-01 15:08:02,2015-10-01 15:12:28,3213,Van Vorst Park,40.71848892,-74.047726625,3209,Brunswick St,40.7241765,-74.05065640000001,24666,Subscriber,1985.0,2,4
317,255,2015-10-01 15:16:23,2015-10-01 15:20:38,3185,City Hall,40.7177325,-74.04384499999999,3211,Newark Ave,40.72152515,-74.046304543,24430,Subscriber,1983.0,2,4
318,688,2015-10-01 15:20:19,2015-10-01 15:31:47,3212,Christ Hospital,40.734785818,-74.050443636,3195,Sip Ave,40.730742625306576,-74.06378388404845,24543,Subscriber,1988.0,1,11
319,380,2015-10-01 15:35:41,2015-10-01 15:42:01,3202,Newport PATH,40.7272235,-74.03375890000001,3203,Hamilton Park,40.727595966,-74.044247311,24652,Subscriber,1960.0,1,6
320,378,2015-10-01 15:39:02,2015-10-01 15:45:20,3187,Warren St,40.721123600000006,-74.03805095,3202,Newport PATH,40.7272235,-74.03375890000001,24429,Customer,1984.0,0,6
321,345,2015-10-01 15:39:31,2015-10-01 15:45:17,3187,Warren St,40.721123600000006,-74.03805095,3202,Newport PATH,40.7272235,-74.03375890000001,24508,Customer,1984.0,0,6
322,174,2015-10-01 15:39:38,2015-10-01 15:42:32,3186,Grove St PATH,40.71958611647166,-74.0431174635887,3213,Van Vorst Park,40.71848892,-74.047726625,24548,Customer,1984.0,0,3
323,339,2015-10-01 15:39:39,2015-10-01 15:45:18,3187,Warren St,40.721123600000006,-74.03805095,3202,Newport PATH,40.7272235,-74.03375890000001,24474,Customer,1984.0,0,6
324,311,2015-10-01 15:40:16,2015-10-01 15:45:27,3187,Warren St,40.721123600000006,-74.03805095,3202,Newport PATH,40.7272235,-74.03375890000001,24705,Customer,1984.0,0,5
325,357,2015-10-01 15:40:41,2015-10-01 15:46:39,3195,Sip Ave,40.730742625306576,-74.06378388404845,3220,5 Corners Library,40.73496102000952,-74.05950307846071,24379,Subscriber,1970.0,1,6
326,674,2015-10-01 15:47:09,2015-10-01 15:58:23,3220,5 Corners Library,40.73496102000952,-74.05950307846071,3202,Newport PATH,40.7272235,-74.03375890000001,24645,Subscriber,1982.0,1,11
327,1343,2015-10-01 15:54:20,2015-10-01 16:16:43,3207,Oakland Ave,40.7376037,-74.05247829999999,3185,City Hall,40.7177325,-74.04384499999999,24569,Subscriber,1985.0,1,22
328,274,2015-10-01 15:56:11,2015-10-01 16:00:45,3186,Grove St PATH,40.71958611647166,-74.0431174635887,3205,JC Medical Center,40.71653978099194,-74.0496379137039,24481,Subscriber,1976.0,2,5
329,633,2015-10-01 15:57:16,2015-10-01 16:07:49,3195,Sip Ave,40.730742625306576,-74.06378388404845,3207,Oakland Ave,40.7376037,-74.05247829999999,24470,Subscriber,1983.0,2,11
330,530,2015-10-01 16:02:02,2015-10-01 16:10:52,3183,Exchange Place,40.7162469,-74.0334588,3202,Newport PATH,40.7272235,-74.03375890000001,24457,Subscriber,1962.0,1,9
331,631,2015-10-01 16:06:24,2015-10-01 16:16:56,3195,Sip Ave,40.730742625306576,-74.06378388404845,3212,Christ Hospital,40.734785818,-74.050443636,24551,Subscriber,1990.0,1,11
332,1956,2015-10-01 16:07:53,2015-10-01 16:40:29,3195,Sip Ave,40.730742625306576,-74.06378388404845,3225,Baldwin at Montgomery,40.7236589,-74.0641943,24498,Subscriber,1976.0,1,33
333,404,2015-10-01 16:07:59,2015-10-01 16:14:44,3195,Sip Ave,40.730742625306576,-74.06378388404845,3207,Oakland Ave,40.7376037,-74.05247829999999,24402,Subscriber,1959.0,2,7
334,481,2015-10-01 16:10:40,2015-10-01 16:18:42,3220,5 Corners Library,40.73496102000952,-74.05950307846071,3194,McGinley Square,40.7253399253558,-74.06762212514876,24379,Subscriber,1970.0,1,8
335,327,2015-10-01 16:12:18,2015-10-01 16:17:45,3203,Hamilton Park,40.727595966,-74.044247311,3202,Newport PATH,40.7272235,-74.03375890000001,24702,Subscriber,1980.0,1,5
336,733,2015-10-01 16:12:26,2015-10-01 16:24:39,3211,Newark Ave,40.72152515,-74.046304543,3214,Essex Light Rail,40.712774200000005,-74.03648570000001,24393,Subscriber,1953.0,1,12
337,238,2015-10-01 16:13:16,2015-10-01 16:17:15,3202,Newport PATH,40.7272235,-74.03375890000001,3199,Newport Pkwy,40.7287448,-74.03210820000001,24457,Subscriber,1955.0,1,4
338,547,2015-10-01 16:15:38,2015-10-01 16:24:45,3186,Grove St PATH,40.71958611647166,-74.0431174635887,3199,Newport Pkwy,40.7287448,-74.03210820000001,24707,Subscriber,1964.0,1,9
339,360,2015-10-01 16:16:55,2015-10-01 16:22:55,3225,Baldwin at Montgomery,40.7236589,-74.0641943,3195,Sip Ave,40.730742625306576,-74.06378388404845,24546,Customer,1984.0,0,6
340,363,2015-10-01 16:24:18,2015-10-01 16:30:21,3220,5 Corners Library,40.73496102000952,-74.05950307846071,3210,Pershing Field,40.742677141,-74.051788633,24478,Subscriber,1985.0,2,6
341,458,2015-10-01 16:25:44,2015-10-01 16:33:22,3195,Sip Ave,40.730742625306576,-74.06378388404845,3201,Dey St,40.737711,-74.066921,24510,Subscriber,1972.0,1,8
342,995,2015-10-01 16:39:15,2015-10-01 16:55:51,3185,City Hall,40.7177325,-74.04384499999999,3207,Oakland Ave,40.7376037,-74.05247829999999,24711,Subscriber,1984.0,2,17
343,1786,2015-10-01 16:43:50,2015-10-01 17:13:36,3202,Newport PATH,40.7272235,-74.03375890000001,3203,Hamilton Park,40.727595966,-74.044247311,24508,Subscriber,1991.0,1,30
344,387,2015-10-01 16:44:54,2015-10-01 16:51:22,3186,Grove St PATH,40.71958611647166,-74.0431174635887,3214,Essex Light Rail,40.712774200000005,-74.03648570000001,24579,Subscriber,1960.0,1,6
345,22792,2015-10-01 16:44:55,2015-10-01 23:04:48,3195,Sip Ave,40.730742625306576,-74.06378388404845,3193,Lincoln Park,40.7246050998869,-74.07840594649316,24601,Subscriber,1977.0,1,380
346,1574,2015-10-01 16:47:12,2015-10-01 17:13:26,3202,Newport PATH,40.7272235,-74.03375890000001,3203,Hamilton Park,40.727595966,-74.044247311,24645,Subscriber,1991.0,1,26
347,255,2015-10-01 16:48:01,2015-10-01 16:52:16,3206,Hilltop,40.7311689,-74.0575736,3212,Christ Hospital,40.734785818,-74.050443636,24637,Customer,1984.0,0,4
348,446,2015-10-01 16:59:16,2015-10-01 17:06:43,3196,Riverview Park,40.7443187,-74.04399090000001,3197,North St,40.752559000000005,-74.044725,24647,Subscriber,1984.0,1,7
349,184,2015-10-01 17:01:28,2015-10-01 17:04:32,3214,Essex Light Rail,40.712774200000005,-74.03648570000001,3183,Exchange Place,40.7162469,-74.0334588,24581,Subscriber,1986.0,2,3
350,185,2015-10-01 17:02:44,2015-10-01 17:05:49,3183,Exchange Place,40.7162469,-74.0334588,3214,Essex Light Rail,40.712774200000005,-74.03648570000001,24608,Subscriber,1964.0,1,3
351,268,2015-10-01 17:03:25,2015-10-01 17:07:54,3195,Sip Ave,40.730742625306576,-74.06378388404845,3201,Dey St,40.737711,-74.066921,24511,Subscriber,1962.0,1,4
352,335,2015-10-01 17:04:56,2015-10-01 17:10:31,3186,Grove St PATH,40.71958611647166,-74.0431174635887,3214,Essex Light Rail,40.712774200000005,-74.03648570000001,24650,Subscriber,1982.0,2,6
353,520,2015-10-01 17:04:59,2015-10-01 17:13:39,3210,Pershing Field,40.742677141,-74.051788633,3195,Sip Ave,40.730742625306576,-74.06378388404845,24574,Subscriber,1990.0,1,9
354,372,2015-10-01 17:06:05,2015-10-01 17:12:18,3214,Essex Light Rail,40.712774200000005,-74.03648570000001,3186,Grove St PATH,40.71958611647166,-74.0431174635887,24612,Subscriber,1977.0,1,6
355,477,2015-10-01 17:12:20,2015-10-01 17:20:18,3183,Exchange Place,40.7162469,-74.0334588,3186,Grove St PATH,40.71958611647166,-74.0431174635887,24436,Subscriber,1980.0,1,8
356,308,2015-10-01 17:12:40,2015-10-01 17:17:49,3183,Exchange Place,40.7162469,-74.0334588,3214,Essex Light Rail,40.712774200000005,-74.03648570000001,24476,Subscriber,1981.0,2,5
357,383,2015-10-01 17:20:26,2015-10-01 17:26:50,3187,Warren St,40.721123600000006,-74.03805095,3203,Hamilton Park,40.727595966,-74.044247311,24596,Subscriber,1974.0,1,6
358,146,2015-10-01 17:23:55,2015-10-01 17:26:21,3202,Newport PATH,40.7272235,-74.03375890000001,3199,Newport Pkwy,40.7287448,-74.03210820000001,24474,Subscriber,1990.0,1,2
359,1525,2015-10-01 17:24:41,2015-10-01 17:50:06,3203,Hamilton Park,40.727595966,-74.044247311,3205,JC Medical Center,40.71653978099194,-74.0496379137039,24472,Subscriber,1991.0,1,25
360,811,2015-10-01 15:37:35,2015-10-01 15:51:07,3200,MLK Light Rail,40.7111305,-74.0788855,3186,Grove St PATH,40.71958611647166,-74.0431174635887,24586,Subscriber,1986.0,1,14
361,1504,2015-10-01 17:25:05,2015-10-01 17:50:09,3203,Hamilton Park,40.727595966,-74.044247311,3205,JC Medical Center,40.71653978099194,-74.0496379137039,24645,Subscriber,1991.0,1,25
362,474,2015-10-01 17:25:42,2015-10-01 17:33:37,3211,Newark Ave,40.72152515,-74.046304543,3214,Essex Light Rail,40.712774200000005,-74.03648570000001,24430,Subscriber,1977.0,1,8
363,703,2015-10-01 17:27:06,2015-10-01 17:38:49,3184,Paulus Hook,40.7141454,-74.0335519,3186,Grove St PATH,40.71958611647166,-74.0431174635887,24590,Subscriber,1976.0,1,12
364,538,2015-10-01 17:30:18,2015-10-01 17:39:17,3212,Christ Hospital,40.734785818,-74.050443636,3195,Sip Ave,40.730742625306576,-74.06378388404845,24403,Subscriber,1988.0,1,9
365,662,2015-10-01 17:31:02,2015-10-01 17:42:05,3202,Newport PATH,40.7272235,-74.03375890000001,3203,Hamilton Park,40.727595966,-74.044247311,24681,Subscriber,1977.0,1,11
366,871,2015-10-01 17:38:47,2015-10-01 17:53:18,3187,Warren St,40.721123600000006,-74.03805095,3187,Warren St,40.721123600000006,-74.03805095,24526,Customer,1984.0,0,15
367,557,2015-10-01 17:38:48,2015-10-01 17:48:05,3186,Grove St PATH,40.71958611647166,-74.0431174635887,3203,Hamilton Park,40.727595966,-74.044247311,24436,Subscriber,1980.0,1,9
368,711,2015-10-01 17:39:23,2015-10-01 17:51:14,3184,Paulus Hook,40.7141454,-74.0335519,3203,Hamilton Park,40.727595966,-74.044247311,24676,Subscriber,1983.0,2,12
369,300,2015-10-01 17:40:15,2015-10-01 17:45:16,3209,Brunswick St,40.7241765,-74.05065640000001,3186,Grove St PATH,40.71958611647166,-74.0431174635887,24666,Subscriber,1955.0,1,5
370,491,2015-10-01 17:41:41,2015-10-01 17:49:52,3186,Grove St PATH,40.71958611647166,-74.0431174635887,3209,Brunswick St,40.7241765,-74.05065640000001,24590,Subscriber,1978.0,2,8
371,417,2015-10-01 17:43:56,2015-10-01 17:50:53,3184,Paulus Hook,40.7141454,-74.0335519,3213,Van Vorst Park,40.71848892,-74.047726625,24650,Customer,1984.0,0,7
372,281,2015-10-01 17:45:51,2015-10-01 17:50:32,3186,Grove St PATH,40.71958611647166,-74.0431174635887,3203,Hamilton Park,40.727595966,-74.044247311,24639,Subscriber,1985.0,1,5
373,202,2015-10-01 17:48:59,2015-10-01 17:52:21,3213,Van Vorst Park,40.71848892,-74.047726625,3185,City Hall,40.7177325,-74.04384499999999,24443,Subscriber,1976.0,2,3
374,130,2015-10-01 17:49:51,2015-10-01 17:52:02,3186,Grove St PATH,40.71958611647166,-74.0431174635887,3213,Van Vorst Park,40.71848892,-74.047726625,24415,Subscriber,1972.0,1,2
375,1538,2015-10-01 17:55:49,2015-10-01 18:21:27,3205,JC Medical Center,40.71653978099194,-74.0496379137039,3205,JC Medical Center,40.71653978099194,-74.0496379137039,24472,Subscriber,1991.0,1,26
376,456,2015-10-01 17:55:58,2015-10-01 18:03:35,3184,Paulus Hook,40.7141454,-74.0335519,3185,City Hall,40.7177325,-74.04384499999999,24516,Subscriber,1984.0,1,8
377,1517,2015-10-01 17:56:09,2015-10-01 18:21:26,3205,JC Medical Center,40.71653978099194,-74.0496379137039,3205,JC Medical Center,40.71653978099194,-74.0496379137039,24645,Subscriber,1991.0,1,25
378,324,2015-10-01 17:57:02,2015-10-01 18:02:27,3186,Grove St PATH,40.71958611647166,-74.0431174635887,3209,Brunswick St,40.7241765,-74.05065640000001,24612,Subscriber,1972.0,2,5
379,824,2015-10-01 17:58:21,2015-10-01 18:12:05,3195,Sip Ave,40.730742625306576,-74.06378388404845,3191,Union St,40.71821129999999,-74.08363940000001,24454,Subscriber,1994.0,1,14
380,194,2015-10-01 17:58:25,2015-10-01 18:01:40,3186,Grove St PATH,40.71958611647166,-74.0431174635887,3211,Newark Ave,40.72152515,-74.046304543,24643,Subscriber,1980.0,1,3
381,461,2015-10-01 17:59:40,2015-10-01 18:07:22,3195,Sip Ave,40.730742625306576,-74.06378388404845,3193,Lincoln Park,40.7246050998869,-74.07840594649316,24399,Subscriber,1990.0,1,8
382,145,2015-10-01 18:01:57,2015-10-01 18:04:23,3183,Exchange Place,40.7162469,-74.0334588,3214,Essex Light Rail,40.712774200000005,-74.03648570000001,24581,Subscriber,1985.0,2,2
383,241,2015-10-01 18:02:37,2015-10-01 18:06:39,3198,Heights Elevator,40.74871594538023,-74.04044330120088,3197,North St,40.752559000000005,-74.044725,24677,Subscriber,1956.0,1,4
384,312,2015-10-01 18:07:44,2015-10-01 18:12:57,3185,City Hall,40.7177325,-74.04384499999999,3213,Van Vorst Park,40.71848892,-74.047726625,24516,Subscriber,1984.0,1,5
385,234,2015-10-01 18:12:37,2015-10-01 18:16:31,3186,Grove St PATH,40.71958611647166,-74.0431174635887,3213,Van Vorst Park,40.71848892,-74.047726625,24531,Subscriber,1974.0,1,4
386,304,2015-10-01 18:12:56,2015-10-01 18:18:00,3206,Hilltop,40.7311689,-74.0575736,3207,Oakland Ave,40.7376037,-74.05247829999999,24621,Subscriber,1979.0,1,5
387,352,2015-10-01 18:13:10,2015-10-01 18:19:02,3186,Grove St PATH,40.71958611647166,-74.0431174635887,3209,Brunswick St,40.7241765,-74.05065640000001,24723,Subscriber,1982.0,1,6
388,1257,2015-10-01 18:18:11,2015-10-01 18:39:08,3213,Van Vorst Park,40.71848892,-74.047726625,3196,Riverview Park,40.7443187,-74.04399090000001,24516,Subscriber,1984.0,1,21
389,310,2015-10-01 18:19:40,2015-10-01 18:24:50,3186,Grove St PATH,40.71958611647166,-74.0431174635887,3205,JC Medical Center,40.71653978099194,-74.0496379137039,24700,Subscriber,1987.0,1,5
390,182,2015-10-01 18:22:54,2015-10-01 18:25:56,3186,Grove St PATH,40.71958611647166,-74.0431174635887,3211,Newark Ave,40.72152515,-74.046304543,24396,Subscriber,1972.0,1,3
391,788,2015-10-01 18:24:50,2015-10-01 18:37:58,3203,Hamilton Park,40.727595966,-74.044247311,3214,Essex Light Rail,40.712774200000005,-74.03648570000001,24596,Subscriber,1980.0,1,13
392,588,2015-10-01 18:25:19,2015-10-01 18:35:08,3211,Newark Ave,40.72152515,-74.046304543,3192,Liberty Light Rail,40.7112423,-74.0557013,24643,Subscriber,1980.0,1,10
393,288,2015-10-01 18:25:46,2015-10-01 18:30:34,3203,Hamilton Park,40.727595966,-74.044247311,3186,Grove St PATH,40.71958611647166,-74.0431174635887,24709,Subscriber,1978.0,1,5
394,293,2015-10-01 18:25:47,2015-10-01 18:30:41,3203,Hamilton Park,40.727595966,-74.044247311,3186,Grove St PATH,40.71958611647166,-74.0431174635887,24625,Subscriber,1986.0,2,5
395,285,2015-10-01 18:27:02,2015-10-01 18:31:48,3183,Exchange Place,40.7162469,-74.0334588,3187,Warren St,40.721123600000006,-74.03805095,24594,Subscriber,1985.0,2,5
396,213,2015-10-01 18:27:32,2015-10-01 18:31:06,3183,Exchange Place,40.7162469,-74.0334588,3187,Warren St,40.721123600000006,-74.03805095,24669,Subscriber,1988.0,2,4
397,446,2015-10-01 18:29:26,2015-10-01 18:36:53,3185,City Hall,40.7177325,-74.04384499999999,3192,Liberty Light Rail,40.7112423,-74.0557013,24443,Subscriber,1983.0,1,7
398,684,2015-10-01 18:30:20,2015-10-01 18:41:45,3199,Newport Pkwy,40.7287448,-74.03210820000001,3186,Grove St PATH,40.71958611647166,-74.0431174635887,19086,Subscriber,1989.0,2,11
399,992,2015-10-01 18:30:36,2015-10-01 18:47:08,3186,Grove St PATH,40.71958611647166,-74.0431174635887,3212,Christ Hospital,40.734785818,-74.050443636,24635,Subscriber,1980.0,1,17
400,335,2015-10-01 18:33:36,2015-10-01 18:39:11,3202,Newport PATH,40.7272235,-74.03375890000001,3214,Essex Light Rail,40.712774200000005,-74.03648570000001,24702,Subscriber,1979.0,1,6
401,697,2015-10-01 18:35:15,2015-10-01 18:46:53,3195,Sip Ave,40.730742625306576,-74.06378388404845,3215,Central Ave,40.7467299,-74.0492509,24482,Subscriber,1977.0,1,12
402,306,2015-10-01 18:35:33,2015-10-01 18:40:39,3209,Brunswick St,40.7241765,-74.05065640000001,3186,Grove St PATH,40.71958611647166,-74.0431174635887,24723,Subscriber,1979.0,1,5
403,134,2015-10-01 18:36:53,2015-10-01 18:39:07,3183,Exchange Place,40.7162469,-74.0334588,3214,Essex Light Rail,40.712774200000005,-74.03648570000001,24629,Subscriber,1988.0,1,2
404,289,2015-10-01 18:38:09,2015-10-01 18:42:58,3184,Paulus Hook,40.7141454,-74.0335519,3214,Essex Light Rail,40.712774200000005,-74.03648570000001,24497,Subscriber,1956.0,1,5
405,300,2015-10-01 18:41:54,2015-10-01 18:46:55,3186,Grove St PATH,40.71958611647166,-74.0431174635887,3203,Hamilton Park,40.727595966,-74.044247311,24691,Subscriber,1960.0,1,5
406,249,2015-10-01 18:42:35,2015-10-01 18:46:45,3211,Newark Ave,40.72152515,-74.046304543,3203,Hamilton Park,40.727595966,-74.044247311,24667,Subscriber,1991.0,1,4
407,536,2015-10-01 18:42:49,2015-10-01 18:51:45,3184,Paulus Hook,40.7141454,-74.0335519,3203,Hamilton Park,40.727595966,-74.044247311,24540,Subscriber,1982.0,1,9
408,158,2015-10-01 18:45:12,2015-10-01 18:47:51,3183,Exchange Place,40.7162469,-74.0334588,3214,Essex Light Rail,40.712774200000005,-74.03648570000001,24445,Subscriber,1983.0,1,3
409,181,2015-10-01 18:46:27,2015-10-01 18:49:28,3195,Sip Ave,40.730742625306576,-74.06378388404845,3194,McGinley Square,40.7253399253558,-74.06762212514876,24574,Subscriber,1972.0,1,3
410,425,2015-10-01 18:59:48,2015-10-01 19:06:53,3195,Sip Ave,40.730742625306576,-74.06378388404845,3207,Oakland Ave,40.7376037,-74.05247829999999,24615,Subscriber,1986.0,1,7
411,266,2015-10-01 19:03:29,2015-10-01 19:07:56,3186,Grove St PATH,40.71958611647166,-74.0431174635887,3209,Brunswick St,40.7241765,-74.05065640000001,24723,Subscriber,1983.0,1,4
412,558,2015-10-01 19:06:28,2015-10-01 19:15:46,3185,City Hall,40.7177325,-74.04384499999999,3192,Liberty Light Rail,40.7112423,-74.0557013,24699,Subscriber,1966.0,2,9
413,190,2015-10-01 19:07:33,2015-10-01 19:10:44,3186,Grove St PATH,40.71958611647166,-74.0431174635887,3211,Newark Ave,40.72152515,-74.046304543,24586,Subscriber,1955.0,1,3
414,434,2015-10-01 19:08:17,2015-10-01 19:15:31,3186,Grove St PATH,40.71958611647166,-74.0431174635887,3199,Newport Pkwy,40.7287448,-74.03210820000001,24666,Subscriber,1976.0,1,7
415,515,2015-10-01 19:11:25,2015-10-01 19:20:00,3202,Newport PATH,40.7272235,-74.03375890000001,3203,Hamilton Park,40.727595966,-74.044247311,24705,Subscriber,1970.0,1,9
416,479,2015-10-01 19:15:18,2015-10-01 19:23:17,3202,Newport PATH,40.7272235,-74.03375890000001,3187,Warren St,40.721123600000006,-74.03805095,24429,Customer,1984.0,0,8
417,209,2015-10-01 19:15:23,2015-10-01 19:18:53,3186,Grove St PATH,40.71958611647166,-74.0431174635887,3213,Van Vorst Park,40.71848892,-74.047726625,24709,Subscriber,1986.0,1,3
418,403,2015-10-01 19:15:32,2015-10-01 19:22:15,3214,Essex Light Rail,40.712774200000005,-74.03648570000001,3186,Grove St PATH,40.71958611647166,-74.0431174635887,24579,Subscriber,1982.0,1,7
419,457,2015-10-01 19:15:35,2015-10-01 19:23:13,3202,Newport PATH,40.7272235,-74.03375890000001,3187,Warren St,40.721123600000006,-74.03805095,24538,Customer,1984.0,0,8
420,319,2015-10-01 19:15:44,2015-10-01 19:21:04,3195,Sip Ave,40.730742625306576,-74.06378388404845,3225,Baldwin at Montgomery,40.7236589,-74.0641943,24484,Customer,1984.0,0,5
421,494,2015-10-01 19:16:19,2015-10-01 19:24:34,3186,Grove St PATH,40.71958611647166,-74.0431174635887,3214,Essex Light Rail,40.712774200000005,-74.03648570000001,24487,Subscriber,1984.0,1,8
422,409,2015-10-01 19:16:43,2015-10-01 19:23:32,3202,Newport PATH,40.7272235,-74.03375890000001,3187,Warren St,40.721123600000006,-74.03805095,24644,Customer,1984.0,0,7
423,219,2015-10-01 19:16:54,2015-10-01 19:20:34,3186,Grove St PATH,40.71958611647166,-74.0431174635887,3214,Essex Light Rail,40.712774200000005,-74.03648570000001,24649,Subscriber,1973.0,1,4
424,379,2015-10-01 19:16:55,2015-10-01 19:23:14,3202,Newport PATH,40.7272235,-74.03375890000001,3187,Warren St,40.721123600000006,-74.03805095,24477,Customer,1984.0,0,6
425,154,2015-10-01 19:22:34,2015-10-01 19:25:09,3186,Grove St PATH,40.71958611647166,-74.0431174635887,3211,Newark Ave,40.72152515,-74.046304543,24579,Subscriber,1982.0,1,3
426,329,2015-10-01 19:23:25,2015-10-01 19:28:54,3186,Grove St PATH,40.71958611647166,-74.0431174635887,3203,Hamilton Park,40.727595966,-74.044247311,24625,Subscriber,1970.0,1,5
427,252,2015-10-01 19:26:24,2015-10-01 19:30:37,3195,Sip Ave,40.730742625306576,-74.06378388404845,3194,McGinley Square,40.7253399253558,-74.06762212514876,24431,Subscriber,1971.0,1,4
428,286,2015-10-01 19:27:33,2015-10-01 19:32:20,3195,Sip Ave,40.730742625306576,-74.06378388404845,3225,Baldwin at Montgomery,40.7236589,-74.0641943,24720,Subscriber,1984.0,1,5
429,294,2015-10-01 19:33:18,2015-10-01 19:38:12,3183,Exchange Place,40.7162469,-74.0334588,3187,Warren St,40.721123600000006,-74.03805095,24623,Subscriber,1986.0,1,5
430,507,2015-10-01 19:34:31,2015-10-01 19:42:59,3195,Sip Ave,40.730742625306576,-74.06378388404845,3207,Oakland Ave,40.7376037,-74.05247829999999,24392,Subscriber,1990.0,2,8
431,599,2015-10-01 19:34:46,2015-10-01 19:44:46,3195,Sip Ave,40.730742625306576,-74.06378388404845,3209,Brunswick St,40.7241765,-74.05065640000001,24679,Subscriber,1989.0,1,10
432,166,2015-10-01 19:35:02,2015-10-01 19:37:49,3183,Exchange Place,40.7162469,-74.0334588,3214,Essex Light Rail,40.712774200000005,-74.03648570000001,24651,Subscriber,1978.0,1,3
433,232,2015-10-01 19:35:20,2015-10-01 19:39:13,3195,Sip Ave,40.730742625306576,-74.06378388404845,3194,McGinley Square,40.7253399253558,-74.06762212514876,24616,Subscriber,1970.0,1,4
434,819,2015-10-01 19:36:23,2015-10-01 19:50:03,3220,5 Corners Library,40.73496102000952,-74.05950307846071,3210,Pershing Field,40.742677141,-74.051788633,24701,Subscriber,1981.0,1,14
435,387,2015-10-01 19:36:54,2015-10-01 19:43:22,3185,City Hall,40.7177325,-74.04384499999999,3213,Van Vorst Park,40.71848892,-74.047726625,24412,Subscriber,1976.0,2,6
436,50575,2015-10-01 19:36:57,2015-10-02 09:39:52,3185,City Hall,40.7177325,-74.04384499999999,3192,Liberty Light Rail,40.7112423,-74.0557013,24605,Subscriber,1982.0,2,843
437,256,2015-10-01 19:45:42,2015-10-01 19:49:59,3186,Grove St PATH,40.71958611647166,-74.0431174635887,3183,Exchange Place,40.7162469,-74.0334588,24488,Subscriber,1991.0,1,4
438,160,2015-10-01 19:47:37,2015-10-01 19:50:17,3183,Exchange Place,40.7162469,-74.0334588,3214,Essex Light Rail,40.712774200000005,-74.03648570000001,24537,Subscriber,1982.0,1,3
439,534,2015-10-01 19:48:20,2015-10-01 19:57:15,3183,Exchange Place,40.7162469,-74.0334588,3205,JC Medical Center,40.71653978099194,-74.0496379137039,24483,Subscriber,1984.0,1,9
440,731,2015-10-01 19:53:30,2015-10-01 20:05:41,3184,Paulus Hook,40.7141454,-74.0335519,3199,Newport Pkwy,40.7287448,-74.03210820000001,24397,Subscriber,1977.0,2,12
441,190,2015-10-01 19:56:37,2015-10-01 19:59:47,3203,Hamilton Park,40.727595966,-74.044247311,3211,Newark Ave,40.72152515,-74.046304543,24508,Subscriber,1991.0,1,3
442,1259,2015-10-01 19:58:55,2015-10-01 20:19:54,3183,Exchange Place,40.7162469,-74.0334588,3185,City Hall,40.7177325,-74.04384499999999,24488,Subscriber,1982.0,1,21
443,285,2015-10-01 20:01:12,2015-10-01 20:05:57,3186,Grove St PATH,40.71958611647166,-74.0431174635887,3203,Hamilton Park,40.727595966,-74.044247311,24581,Subscriber,1963.0,1,5
444,275,2015-10-01 20:01:25,2015-10-01 20:06:01,3199,Newport Pkwy,40.7287448,-74.03210820000001,3187,Warren St,40.721123600000006,-74.03805095,24553,Subscriber,1980.0,1,5
445,513,2015-10-01 20:02:47,2015-10-01 20:11:20,3183,Exchange Place,40.7162469,-74.0334588,3202,Newport PATH,40.7272235,-74.03375890000001,24493,Customer,1984.0,0,9
446,598,2015-10-01 20:02:53,2015-10-01 20:12:51,3205,JC Medical Center,40.71653978099194,-74.0496379137039,3183,Exchange Place,40.7162469,-74.0334588,24645,Subscriber,1991.0,1,10
447,588,2015-10-01 20:03:01,2015-10-01 20:12:50,3205,JC Medical Center,40.71653978099194,-74.0496379137039,3183,Exchange Place,40.7162469,-74.0334588,24472,Subscriber,1991.0,1,10
448,1236,2015-10-01 20:03:13,2015-10-01 20:23:50,3195,Sip Ave,40.730742625306576,-74.06378388404845,3194,McGinley Square,40.7253399253558,-74.06762212514876,24641,Customer,1984.0,0,21
449,463,2015-10-01 20:03:33,2015-10-01 20:11:17,3195,Sip Ave,40.730742625306576,-74.06378388404845,3207,Oakland Ave,40.7376037,-74.05247829999999,24546,Subscriber,1977.0,1,8
450,439,2015-10-01 20:03:48,2015-10-01 20:11:07,3186,Grove St PATH,40.71958611647166,-74.0431174635887,3214,Essex Light Rail,40.712774200000005,-74.03648570000001,24407,Subscriber,1974.0,1,7
451,171,2015-10-01 20:06:25,2015-10-01 20:09:17,3186,Grove St PATH,40.71958611647166,-74.0431174635887,3211,Newark Ave,40.72152515,-74.046304543,24564,Subscriber,1977.0,1,3
452,84,2015-10-01 20:08:35,2015-10-01 20:10:00,3183,Exchange Place,40.7162469,-74.0334588,3184,Paulus Hook,40.7141454,-74.0335519,24479,Subscriber,1987.0,1,1
453,370,2015-10-01 20:16:28,2015-10-01 20:22:39,3186,Grove St PATH,40.71958611647166,-74.0431174635887,3214,Essex Light Rail,40.712774200000005,-74.03648570000001,24408,Subscriber,1980.0,1,6
454,1242,2015-10-01 20:16:34,2015-10-01 20:37:16,3183,Exchange Place,40.7162469,-74.0334588,3199,Newport Pkwy,40.7287448,-74.03210820000001,24472,Subscriber,1991.0,1,21
455,1241,2015-10-01 20:16:42,2015-10-01 20:37:23,3183,Exchange Place,40.7162469,-74.0334588,3199,Newport Pkwy,40.7287448,-74.03210820000001,24645,Subscriber,1991.0,1,21
456,688,2015-10-01 20:19:59,2015-10-01 20:31:28,3183,Exchange Place,40.7162469,-74.0334588,3192,Liberty Light Rail,40.7112423,-74.0557013,24688,Subscriber,1989.0,2,11
457,783,2015-10-01 20:24:30,2015-10-01 20:37:33,3210,Pershing Field,40.742677141,-74.051788633,3194,McGinley Square,40.7253399253558,-74.06762212514876,24456,Subscriber,1981.0,1,13
458,284,2015-10-01 20:24:52,2015-10-01 20:29:37,3186,Grove St PATH,40.71958611647166,-74.0431174635887,3203,Hamilton Park,40.727595966,-74.044247311,24536,Subscriber,1980.0,1,5
459,319,2015-10-01 20:26:11,2015-10-01 20:31:31,3186,Grove St PATH,40.71958611647166,-74.0431174635887,3203,Hamilton Park,40.727595966,-74.044247311,24608,Subscriber,1968.0,1,5
460,204,2015-10-01 20:28:54,2015-10-01 20:32:18,3209,Brunswick St,40.7241765,-74.05065640000001,3211,Newark Ave,40.72152515,-74.046304543,24570,Subscriber,1986.0,1,3
461,318,2015-10-01 20:32:19,2015-10-01 20:37:38,3213,Van Vorst Park,40.71848892,-74.047726625,3183,Exchange Place,40.7162469,-74.0334588,24533,Subscriber,1980.0,1,5
462,463,2015-10-01 20:32:49,2015-10-01 20:40:33,3194,McGinley Square,40.7253399253558,-74.06762212514876,3220,5 Corners Library,40.73496102000952,-74.05950307846071,24431,Subscriber,1960.0,1,8
463,159,2015-10-01 20:33:19,2015-10-01 20:35:59,3195,Sip Ave,40.730742625306576,-74.06378388404845,3194,McGinley Square,40.7253399253558,-74.06762212514876,24543,Subscriber,1991.0,1,3
464,312,2015-10-01 20:34:16,2015-10-01 20:39:28,3187,Warren St,40.721123600000006,-74.03805095,3199,Newport Pkwy,40.7287448,-74.03210820000001,24553,Subscriber,1980.0,1,5
465,622,2015-10-01 20:38:14,2015-10-01 20:48:37,3195,Sip Ave,40.730742625306576,-74.06378388404845,3215,Central Ave,40.7467299,-74.0492509,24504,Subscriber,1983.0,1,10
466,548,2015-10-01 20:39:50,2015-10-01 20:48:58,3195,Sip Ave,40.730742625306576,-74.06378388404845,3207,Oakland Ave,40.7376037,-74.05247829999999,24602,Customer,1984.0,0,9
467,506,2015-10-01 20:40:09,2015-10-01 20:48:35,3195,Sip Ave,40.730742625306576,-74.06378388404845,3207,Oakland Ave,40.7376037,-74.05247829999999,24466,Customer,1984.0,0,8
468,285,2015-10-01 20:40:21,2015-10-01 20:45:06,3186,Grove St PATH,40.71958611647166,-74.0431174635887,3209,Brunswick St,40.7241765,-74.05065640000001,24649,Subscriber,1978.0,1,5
469,282,2015-10-01 20:45:56,2015-10-01 20:50:38,3186,Grove St PATH,40.71958611647166,-74.0431174635887,3214,Essex Light Rail,40.712774200000005,-74.03648570000001,24535,Subscriber,1986.0,1,5
470,340,2015-10-01 20:47:34,2015-10-01 20:53:14,3186,Grove St PATH,40.71958611647166,-74.0431174635887,3203,Hamilton Park,40.727595966,-74.044247311,24558,Subscriber,1978.0,1,6
471,325,2015-10-01 20:47:48,2015-10-01 20:53:14,3186,Grove St PATH,40.71958611647166,-74.0431174635887,3203,Hamilton Park,40.727595966,-74.044247311,24496,Subscriber,1986.0,2,5
472,303,2015-10-01 20:52:12,2015-10-01 20:57:16,3183,Exchange Place,40.7162469,-74.0334588,3213,Van Vorst Park,40.71848892,-74.047726625,24533,Subscriber,1980.0,1,5
473,516,2015-10-01 20:53:31,2015-10-01 21:02:08,3195,Sip Ave,40.730742625306576,-74.06378388404845,3193,Lincoln Park,40.7246050998869,-74.07840594649316,24587,Customer,1984.0,0,9
474,350,2015-10-01 20:54:01,2015-10-01 20:59:52,3187,Warren St,40.721123600000006,-74.03805095,3211,Newark Ave,40.72152515,-74.046304543,24658,Subscriber,1991.0,1,6
475,364,2015-10-01 20:55:19,2015-10-01 21:01:24,3195,Sip Ave,40.730742625306576,-74.06378388404845,3212,Christ Hospital,40.734785818,-74.050443636,24403,Subscriber,1988.0,1,6
476,407,2015-10-01 20:55:26,2015-10-01 21:02:14,3183,Exchange Place,40.7162469,-74.0334588,3202,Newport PATH,40.7272235,-74.03375890000001,24549,Subscriber,1972.0,1,7
477,420,2015-10-01 20:55:31,2015-10-01 21:02:32,3183,Exchange Place,40.7162469,-74.0334588,3202,Newport PATH,40.7272235,-74.03375890000001,24566,Customer,1984.0,0,7
478,878,2015-10-01 20:56:23,2015-10-01 21:11:02,3211,Newark Ave,40.72152515,-74.046304543,3211,Newark Ave,40.72152515,-74.046304543,17653,Subscriber,1977.0,2,15
479,434,2015-10-01 20:56:31,2015-10-01 21:03:46,3195,Sip Ave,40.730742625306576,-74.06378388404845,3193,Lincoln Park,40.7246050998869,-74.07840594649316,24620,Subscriber,1975.0,2,7
480,456,2015-10-01 20:56:58,2015-10-01 21:04:34,3185,City Hall,40.7177325,-74.04384499999999,3209,Brunswick St,40.7241765,-74.05065640000001,24488,Subscriber,1987.0,2,8
481,308,2015-10-01 21:00:28,2015-10-01 21:05:36,3186,Grove St PATH,40.71958611647166,-74.0431174635887,3203,Hamilton Park,40.727595966,-74.044247311,24476,Subscriber,1977.0,1,5
482,168,2015-10-01 21:02:57,2015-10-01 21:05:45,3195,Sip Ave,40.730742625306576,-74.06378388404845,3194,McGinley Square,40.7253399253558,-74.06762212514876,24452,Subscriber,1989.0,2,3
483,203,2015-10-01 21:07:37,2015-10-01 21:11:00,3186,Grove St PATH,40.71958611647166,-74.0431174635887,3205,JC Medical Center,40.71653978099194,-74.0496379137039,24535,Subscriber,1986.0,1,3
484,200,2015-10-01 21:08:42,2015-10-01 21:12:03,3186,Grove St PATH,40.71958611647166,-74.0431174635887,3187,Warren St,40.721123600000006,-74.03805095,24407,Subscriber,1989.0,2,3
485,122,2015-10-01 21:09:39,2015-10-01 21:11:42,3183,Exchange Place,40.7162469,-74.0334588,3214,Essex Light Rail,40.712774200000005,-74.03648570000001,24714,Subscriber,1983.0,1,2
486,392,2015-10-01 21:16:15,2015-10-01 21:22:47,3186,Grove St PATH,40.71958611647166,-74.0431174635887,3214,Essex Light Rail,40.712774200000005,-74.03648570000001,24594,Subscriber,1984.0,2,7
487,567,2015-10-01 21:16:22,2015-10-01 21:25:49,3202,Newport PATH,40.7272235,-74.03375890000001,3183,Exchange Place,40.7162469,-74.0334588,24549,Subscriber,1991.0,1,9
488,570,2015-10-01 21:16:34,2015-10-01 21:26:04,3202,Newport PATH,40.7272235,-74.03375890000001,3183,Exchange Place,40.7162469,-74.0334588,24498,Subscriber,1991.0,1,10
489,597,2015-10-01 21:21:00,2015-10-01 21:30:58,3186,Grove St PATH,40.71958611647166,-74.0431174635887,3203,Hamilton Park,40.727595966,-74.044247311,24497,Subscriber,1960.0,1,10
490,187,2015-10-01 21:25:12,2015-10-01 21:28:20,3202,Newport PATH,40.7272235,-74.03375890000001,3199,Newport Pkwy,40.7287448,-74.03210820000001,24571,Subscriber,1986.0,1,3
491,231,2015-10-01 21:25:37,2015-10-01 21:29:29,3186,Grove St PATH,40.71958611647166,-74.0431174635887,3213,Van Vorst Park,40.71848892,-74.047726625,24651,Subscriber,1986.0,1,4
492,358,2015-10-01 21:28:20,2015-10-01 21:34:18,3184,Paulus Hook,40.7141454,-74.0335519,3213,Van Vorst Park,40.71848892,-74.047726625,24406,Subscriber,1981.0,1,6
493,443,2015-10-01 21:29:48,2015-10-01 21:37:11,3186,Grove St PATH,40.71958611647166,-74.0431174635887,3209,Brunswick St,40.7241765,-74.05065640000001,24644,Subscriber,1977.0,2,7
494,303,2015-10-01 21:30:12,2015-10-01 21:35:16,3206,Hilltop,40.7311689,-74.0575736,3225,Baldwin at Montgomery,40.7236589,-74.0641943,24521,Subscriber,1984.0,2,5
495,487,2015-10-01 21:32:26,2015-10-01 21:40:33,3205,JC Medical Center,40.71653978099194,-74.0496379137039,3205,JC Medical Center,40.71653978099194,-74.0496379137039,24509,Subscriber,1985.0,2,8
496,201,2015-10-01 21:33:19,2015-10-01 21:36:40,3194,McGinley Square,40.7253399253558,-74.06762212514876,3195,Sip Ave,40.730742625306576,-74.06378388404845,24616,Subscriber,1986.0,1,3
497,243,2015-10-01 21:35:02,2015-10-01 21:39:05,3183,Exchange Place,40.7162469,-74.0334588,3187,Warren St,40.721123600000006,-74.03805095,24549,Subscriber,1988.0,1,4
498,195,2015-10-01 21:44:10,2015-10-01 21:47:26,3186,Grove St PATH,40.71958611647166,-74.0431174635887,3213,Van Vorst Park,40.71848892,-74.047726625,24408,Subscriber,1964.0,1,3
499,173,2015-10-01 21:50:41,2015-10-01 21:53:35,3195,Sip Ave,40.730742625306576,-74.06378388404845,3206,Hilltop,40.7311689,-74.0575736,24433,Subscriber,1988.0,1,3
